guid/image/axis,value
87e9e215-a030-476d-ac5f-f1f4d06ac0c9/0000/r,10.2860942437884
87e9e215-a030-476d-ac5f-f1f4d06ac0c9/0000/theta,6.47267727883473
d441b25e-dd7d-46c2-895d-2510bcbd207d/0055/r,33
d441b25e-dd7d-46c2-895d-2510bcbd207d/0055/theta,-1.08398343103368
05ccd11f-9082-4273-aefa-f8386f9ac125/0003/r,33
05ccd11f-9082-4273-aefa-f8386f9ac125/0003/theta,-1.08398343103368
c6efa238-f063-407a-9f5c-81bb9983302e/0016/r,33
c6efa238-f063-407a-9f5c-81bb9983302e/0016/theta,-1.08398343103368
5d07a8d5-1fed-47ef-8bb7-a6074763e09e/0032/r,25.5312786459423
5d07a8d5-1fed-47ef-8bb7-a6074763e09e/0032/theta,-37.7262013256189
5d07a8d5-1fed-47ef-8bb7-a6074763e09e/0000/r,4.74074470855386
5d07a8d5-1fed-47ef-8bb7-a6074763e09e/0000/theta,16.6178902782054
6cc9eaa6-ab67-4102-b088-4ab6efa2af6e/0026/r,19.1602874954393
6cc9eaa6-ab67-4102-b088-4ab6efa2af6e/0026/theta,21.6805263111173
d441b25e-dd7d-46c2-895d-2510bcbd207d/0008/r,33
d441b25e-dd7d-46c2-895d-2510bcbd207d/0008/theta,-1.08398343103368
87e9e215-a030-476d-ac5f-f1f4d06ac0c9/0066/r,9.2502661307527
87e9e215-a030-476d-ac5f-f1f4d06ac0c9/0066/theta,3.07019005062451
7363cba9-9fbb-4fd2-8c07-e46bed2e1f33/0017/r,8.63978947152856
7363cba9-9fbb-4fd2-8c07-e46bed2e1f33/0017/theta,6.36438914424263
d441b25e-dd7d-46c2-895d-2510bcbd207d/0028/r,12.9746632995696
d441b25e-dd7d-46c2-895d-2510bcbd207d/0028/theta,-20.5949443381403
eccfbc47-1e2f-4754-9fa7-4f56903cd13d/0025/r,7.86199996987391
eccfbc47-1e2f-4754-9fa7-4f56903cd13d/0025/theta,-29.4601963416808
5d07a8d5-1fed-47ef-8bb7-a6074763e09e/0048/r,10.3864142280932
5d07a8d5-1fed-47ef-8bb7-a6074763e09e/0048/theta,-1.39599845938954
aa3e1716-992d-48a6-9b2b-1abef589b301/0018/r,8.52028081604354
aa3e1716-992d-48a6-9b2b-1abef589b301/0018/theta,7.41082269577687
0382f411-9b8a-47dc-bd88-eac8245a28ee/0045/r,22.4719387982267
0382f411-9b8a-47dc-bd88-eac8245a28ee/0045/theta,-10.2143393003967
f8b71ebf-da9e-408f-a080-6a972365160b/0008/r,10.4304205355072
f8b71ebf-da9e-408f-a080-6a972365160b/0008/theta,25.9026290259276
6662fdd2-4512-4fce-84b0-717edcd5f54c/0024/r,20.5592757118535
6662fdd2-4512-4fce-84b0-717edcd5f54c/0024/theta,-28.0790574865477
f8e9737c-639e-433f-8f28-2d7660d63181/0022/r,33
f8e9737c-639e-433f-8f28-2d7660d63181/0022/theta,-1.08398343103368
6662fdd2-4512-4fce-84b0-717edcd5f54c/0003/r,31.6250361531503
6662fdd2-4512-4fce-84b0-717edcd5f54c/0003/theta,-12.0355643869572
f231aa86-53f9-4ddf-b163-0bb421b5c1b1/0002/r,33
f231aa86-53f9-4ddf-b163-0bb421b5c1b1/0002/theta,-1.08398343103368
4819ef9e-e93e-479b-a613-dca8f9be3d45/0000/r,33
4819ef9e-e93e-479b-a613-dca8f9be3d45/0000/theta,-1.08398343103368
59f19071-a9b1-4de8-b7fd-2a862d2ae674/0018/r,33
59f19071-a9b1-4de8-b7fd-2a862d2ae674/0018/theta,-1.08398343103368
6cc9eaa6-ab67-4102-b088-4ab6efa2af6e/0001/r,21.2366995258151
6cc9eaa6-ab67-4102-b088-4ab6efa2af6e/0001/theta,0.995651908363152
d441b25e-dd7d-46c2-895d-2510bcbd207d/0046/r,13.9545589313789
d441b25e-dd7d-46c2-895d-2510bcbd207d/0046/theta,-37.2088889487557
0213ada8-e776-4404-9312-c264153c57c1/0008/r,5.25424448297537
0213ada8-e776-4404-9312-c264153c57c1/0008/theta,19.1778871816289
05ccd11f-9082-4273-aefa-f8386f9ac125/0055/r,33
05ccd11f-9082-4273-aefa-f8386f9ac125/0055/theta,-1.08398343103368
94df467e-76d8-42c3-b45d-dcebf6131998/0008/r,5.87097580127674
94df467e-76d8-42c3-b45d-dcebf6131998/0008/theta,1.10665330041746
aa3e1716-992d-48a6-9b2b-1abef589b301/0007/r,21.1574852097349
aa3e1716-992d-48a6-9b2b-1abef589b301/0007/theta,22.4512527053208
0213ada8-e776-4404-9312-c264153c57c1/0007/r,6.04215789227452
0213ada8-e776-4404-9312-c264153c57c1/0007/theta,10.8085432121248
561f3498-8181-4eca-bfda-5f3d61ba76ef/0004/r,33
561f3498-8181-4eca-bfda-5f3d61ba76ef/0004/theta,-1.08398343103368
4b19b5e5-260b-4fbc-83c2-f24eeacdcc64/0022/r,16.3574234807719
4b19b5e5-260b-4fbc-83c2-f24eeacdcc64/0022/theta,-24.8358632283908
ee2d1ee9-dd1d-4e63-9881-19205c5dae27/0072/r,7.18472287231607
ee2d1ee9-dd1d-4e63-9881-19205c5dae27/0072/theta,0.803635027658216
0213ada8-e776-4404-9312-c264153c57c1/0020/r,11.6286860166367
0213ada8-e776-4404-9312-c264153c57c1/0020/theta,8.56958401420494
6662fdd2-4512-4fce-84b0-717edcd5f54c/0054/r,22.8679874498309
6662fdd2-4512-4fce-84b0-717edcd5f54c/0054/theta,35.3090786560715
ee2d1ee9-dd1d-4e63-9881-19205c5dae27/0058/r,7.02230277932467
ee2d1ee9-dd1d-4e63-9881-19205c5dae27/0058/theta,1.30227003105231
6cc9eaa6-ab67-4102-b088-4ab6efa2af6e/0036/r,20.7169283265335
6cc9eaa6-ab67-4102-b088-4ab6efa2af6e/0036/theta,36.1644560874534
eccfbc47-1e2f-4754-9fa7-4f56903cd13d/0020/r,33
eccfbc47-1e2f-4754-9fa7-4f56903cd13d/0020/theta,-1.08398343103368
59f19071-a9b1-4de8-b7fd-2a862d2ae674/0003/r,28.0607602014229
59f19071-a9b1-4de8-b7fd-2a862d2ae674/0003/theta,-35.3875411906391
030a2430-5503-47c8-87df-8df226c188b2/0054/r,12.470850668711
030a2430-5503-47c8-87df-8df226c188b2/0054/theta,1.99066337928532
030a2430-5503-47c8-87df-8df226c188b2/0057/r,12.3866554610263
030a2430-5503-47c8-87df-8df226c188b2/0057/theta,0.992351544952906
7363cba9-9fbb-4fd2-8c07-e46bed2e1f33/0015/r,16.5861297923771
7363cba9-9fbb-4fd2-8c07-e46bed2e1f33/0015/theta,2.79140950245903
561f3498-8181-4eca-bfda-5f3d61ba76ef/0012/r,33
561f3498-8181-4eca-bfda-5f3d61ba76ef/0012/theta,-1.08398343103368
87e9e215-a030-476d-ac5f-f1f4d06ac0c9/0057/r,11.2938471343548
87e9e215-a030-476d-ac5f-f1f4d06ac0c9/0057/theta,3.24088073308959
bc97d88d-8c86-4653-86a5-4597485ce018/0020/r,18.3264700697555
bc97d88d-8c86-4653-86a5-4597485ce018/0020/theta,-7.16625246670918
21466ee9-c1b6-4699-afcc-84128f8d0b1e/0020/r,33
21466ee9-c1b6-4699-afcc-84128f8d0b1e/0020/theta,-1.08398343103368
0213ada8-e776-4404-9312-c264153c57c1/0032/r,33
0213ada8-e776-4404-9312-c264153c57c1/0032/theta,-1.08398343103368
6cd404eb-1c36-4bde-b9b1-24b39b2c715f/0019/r,33
6cd404eb-1c36-4bde-b9b1-24b39b2c715f/0019/theta,-1.08398343103368
aa3e1716-992d-48a6-9b2b-1abef589b301/0015/r,33
aa3e1716-992d-48a6-9b2b-1abef589b301/0015/theta,-1.08398343103368
21466ee9-c1b6-4699-afcc-84128f8d0b1e/0036/r,11.0553888519677
21466ee9-c1b6-4699-afcc-84128f8d0b1e/0036/theta,-0.797301696573187
58e8bf48-c131-42fb-b5f6-f63e6dc09483/0006/r,6.91987315809472
58e8bf48-c131-42fb-b5f6-f63e6dc09483/0006/theta,-32.0544313889685
4b19b5e5-260b-4fbc-83c2-f24eeacdcc64/0008/r,9.91303203841619
4b19b5e5-260b-4fbc-83c2-f24eeacdcc64/0008/theta,-27.0618977313065
f8b71ebf-da9e-408f-a080-6a972365160b/0040/r,6.70667951291902
f8b71ebf-da9e-408f-a080-6a972365160b/0040/theta,10.5335392001915
aa3e1716-992d-48a6-9b2b-1abef589b301/0014/r,18.5809186608024
aa3e1716-992d-48a6-9b2b-1abef589b301/0014/theta,30.4189048908282
ee2d1ee9-dd1d-4e63-9881-19205c5dae27/0064/r,7.02009684354225
ee2d1ee9-dd1d-4e63-9881-19205c5dae27/0064/theta,1.37463149956653
8cfc1ad6-6b03-40bc-8f6e-4215a6741bc3/0000/r,23.1799385816925
8cfc1ad6-6b03-40bc-8f6e-4215a6741bc3/0000/theta,19.7484041311214
c6efa238-f063-407a-9f5c-81bb9983302e/0011/r,33
c6efa238-f063-407a-9f5c-81bb9983302e/0011/theta,-1.08398343103368
a7300ae2-80c6-4a3f-ab9c-9f88f5299b67/0017/r,7.13335704696245
a7300ae2-80c6-4a3f-ab9c-9f88f5299b67/0017/theta,-32.1395652268356
75aeccb7-a82d-4013-9962-e9c9039c264d/0021/r,25.2485950183724
75aeccb7-a82d-4013-9962-e9c9039c264d/0021/theta,9.76669821524616
8fbecc89-51bb-4569-93b3-15a163050cfc/0002/r,33
8fbecc89-51bb-4569-93b3-15a163050cfc/0002/theta,-1.08398343103368
0382f411-9b8a-47dc-bd88-eac8245a28ee/0030/r,15.5772027962143
0382f411-9b8a-47dc-bd88-eac8245a28ee/0030/theta,-20.7934166590243
77d40a22-9c26-4258-a3cc-a92789bd692e/0019/r,12.1910074370978
77d40a22-9c26-4258-a3cc-a92789bd692e/0019/theta,-20.3525589195609
21466ee9-c1b6-4699-afcc-84128f8d0b1e/0002/r,17.5072464798038
21466ee9-c1b6-4699-afcc-84128f8d0b1e/0002/theta,-1.78536213552901
c6efa238-f063-407a-9f5c-81bb9983302e/0008/r,7.39309647515709
c6efa238-f063-407a-9f5c-81bb9983302e/0008/theta,-10.2803171873981
0213ada8-e776-4404-9312-c264153c57c1/0049/r,33
0213ada8-e776-4404-9312-c264153c57c1/0049/theta,-1.08398343103368
ec1672b2-15ee-4dcb-a6a0-1f524a1977d4/0013/r,33
ec1672b2-15ee-4dcb-a6a0-1f524a1977d4/0013/theta,-1.08398343103368
f7641633-c393-4115-9278-0d9b4dbf391b/0045/r,34.6351882485447
f7641633-c393-4115-9278-0d9b4dbf391b/0045/theta,33.6635368285567
0382f411-9b8a-47dc-bd88-eac8245a28ee/0011/r,33
0382f411-9b8a-47dc-bd88-eac8245a28ee/0011/theta,-1.08398343103368
55bfa58c-415e-443e-aaa0-c6716f66f780/0042/r,19.6863298074101
55bfa58c-415e-443e-aaa0-c6716f66f780/0042/theta,37.3064629031356
6662fdd2-4512-4fce-84b0-717edcd5f54c/0012/r,33
6662fdd2-4512-4fce-84b0-717edcd5f54c/0012/theta,-1.08398343103368
e8bd0d0d-7332-4698-a425-05be2697d3a5/0003/r,15.9763733137262
e8bd0d0d-7332-4698-a425-05be2697d3a5/0003/theta,0.38553347923717
87e9e215-a030-476d-ac5f-f1f4d06ac0c9/0011/r,35.4143182268441
87e9e215-a030-476d-ac5f-f1f4d06ac0c9/0011/theta,-18.5852184058976
59f19071-a9b1-4de8-b7fd-2a862d2ae674/0016/r,13.9197934785782
59f19071-a9b1-4de8-b7fd-2a862d2ae674/0016/theta,29.8672056338475
6662fdd2-4512-4fce-84b0-717edcd5f54c/0022/r,26.3554855302475
6662fdd2-4512-4fce-84b0-717edcd5f54c/0022/theta,-9.7230281336501
fdf23cc5-6850-4507-996e-3e75cec90b5f/0005/r,21.3022285285755
fdf23cc5-6850-4507-996e-3e75cec90b5f/0005/theta,0.991240588530935
561f3498-8181-4eca-bfda-5f3d61ba76ef/0020/r,33
561f3498-8181-4eca-bfda-5f3d61ba76ef/0020/theta,-1.08398343103368
59f19071-a9b1-4de8-b7fd-2a862d2ae674/0004/r,37.2052647614034
59f19071-a9b1-4de8-b7fd-2a862d2ae674/0004/theta,-8.81623741227969
f7641633-c393-4115-9278-0d9b4dbf391b/0020/r,33
f7641633-c393-4115-9278-0d9b4dbf391b/0020/theta,-1.08398343103368
6cc9eaa6-ab67-4102-b088-4ab6efa2af6e/0031/r,22.6323898500166
6cc9eaa6-ab67-4102-b088-4ab6efa2af6e/0031/theta,-12.8244913614807
ec1672b2-15ee-4dcb-a6a0-1f524a1977d4/0014/r,27.5496715221824
ec1672b2-15ee-4dcb-a6a0-1f524a1977d4/0014/theta,-3.91349770905411
0213ada8-e776-4404-9312-c264153c57c1/0009/r,5.62534379553563
0213ada8-e776-4404-9312-c264153c57c1/0009/theta,3.57160320407627
0213ada8-e776-4404-9312-c264153c57c1/0005/r,6.65565252018854
0213ada8-e776-4404-9312-c264153c57c1/0005/theta,3.38726476436011
a7300ae2-80c6-4a3f-ab9c-9f88f5299b67/0016/r,18.0264051752818
a7300ae2-80c6-4a3f-ab9c-9f88f5299b67/0016/theta,38.6019274160444
b89ca3c0-b361-43f8-b261-ab7eabe8eabf/0003/r,13.6631725510762
b89ca3c0-b361-43f8-b261-ab7eabe8eabf/0003/theta,28.6716492134177
eccfbc47-1e2f-4754-9fa7-4f56903cd13d/0005/r,33
eccfbc47-1e2f-4754-9fa7-4f56903cd13d/0005/theta,-1.08398343103368
6662fdd2-4512-4fce-84b0-717edcd5f54c/0065/r,17.8051104325585
6662fdd2-4512-4fce-84b0-717edcd5f54c/0065/theta,-14.3701028544427
6662fdd2-4512-4fce-84b0-717edcd5f54c/0005/r,29.7442785161227
6662fdd2-4512-4fce-84b0-717edcd5f54c/0005/theta,-12.6369316128447
aa3e1716-992d-48a6-9b2b-1abef589b301/0009/r,24.3421254648356
aa3e1716-992d-48a6-9b2b-1abef589b301/0009/theta,-3.88266012191925
ee2d1ee9-dd1d-4e63-9881-19205c5dae27/0031/r,5.66888625170768
ee2d1ee9-dd1d-4e63-9881-19205c5dae27/0031/theta,1.3844096812848
4819ef9e-e93e-479b-a613-dca8f9be3d45/0004/r,23.1473752058961
4819ef9e-e93e-479b-a613-dca8f9be3d45/0004/theta,-33.7124559104785
5d07a8d5-1fed-47ef-8bb7-a6074763e09e/0004/r,6.82784832349328
5d07a8d5-1fed-47ef-8bb7-a6074763e09e/0004/theta,-0.579507968746917
ec1672b2-15ee-4dcb-a6a0-1f524a1977d4/0006/r,5.9097417346863
ec1672b2-15ee-4dcb-a6a0-1f524a1977d4/0006/theta,30.687637528417
87e9e215-a030-476d-ac5f-f1f4d06ac0c9/0063/r,10.4559396353118
87e9e215-a030-476d-ac5f-f1f4d06ac0c9/0063/theta,2.9727376510074
561f3498-8181-4eca-bfda-5f3d61ba76ef/0036/r,22.4757259116523
561f3498-8181-4eca-bfda-5f3d61ba76ef/0036/theta,1.78455569075859
7363cba9-9fbb-4fd2-8c07-e46bed2e1f33/0021/r,12.7098722577651
7363cba9-9fbb-4fd2-8c07-e46bed2e1f33/0021/theta,6.5310205739791
0213ada8-e776-4404-9312-c264153c57c1/0048/r,33
0213ada8-e776-4404-9312-c264153c57c1/0048/theta,-1.08398343103368
5d07a8d5-1fed-47ef-8bb7-a6074763e09e/0011/r,6.51361639699748
5d07a8d5-1fed-47ef-8bb7-a6074763e09e/0011/theta,0.572776643770112
0382f411-9b8a-47dc-bd88-eac8245a28ee/0055/r,31.9997951856995
0382f411-9b8a-47dc-bd88-eac8245a28ee/0055/theta,-20.6955184756209
21466ee9-c1b6-4699-afcc-84128f8d0b1e/0023/r,17.8805349994723
21466ee9-c1b6-4699-afcc-84128f8d0b1e/0023/theta,2.06478554184482
94835623-ca6c-4ac4-82d4-0e63c1b7c16a/0030/r,10.6062456414609
94835623-ca6c-4ac4-82d4-0e63c1b7c16a/0030/theta,-31.1196378320516
cfb2daae-611b-4b73-9084-6dbf68c8343d/0008/r,10.6137598206461
cfb2daae-611b-4b73-9084-6dbf68c8343d/0008/theta,-28.8589053165524
fdf23cc5-6850-4507-996e-3e75cec90b5f/0004/r,15.0173719374794
fdf23cc5-6850-4507-996e-3e75cec90b5f/0004/theta,6.36130146742567
6cc9eaa6-ab67-4102-b088-4ab6efa2af6e/0033/r,33
6cc9eaa6-ab67-4102-b088-4ab6efa2af6e/0033/theta,-1.08398343103368
f8b71ebf-da9e-408f-a080-6a972365160b/0001/r,33
f8b71ebf-da9e-408f-a080-6a972365160b/0001/theta,-1.08398343103368
030a2430-5503-47c8-87df-8df226c188b2/0063/r,12.6284515351699
030a2430-5503-47c8-87df-8df226c188b2/0063/theta,0.000336708160527955
f7641633-c393-4115-9278-0d9b4dbf391b/0026/r,36.5678212769937
f7641633-c393-4115-9278-0d9b4dbf391b/0026/theta,-24.9599203444399
33258271-d00b-47bb-a09a-4db79a4717e0/0020/r,33
33258271-d00b-47bb-a09a-4db79a4717e0/0020/theta,-1.08398343103368
75aeccb7-a82d-4013-9962-e9c9039c264d/0022/r,37.5899064390637
75aeccb7-a82d-4013-9962-e9c9039c264d/0022/theta,37.9425642998907
75aeccb7-a82d-4013-9962-e9c9039c264d/0013/r,18.7488039469131
75aeccb7-a82d-4013-9962-e9c9039c264d/0013/theta,26.146154620975
21466ee9-c1b6-4699-afcc-84128f8d0b1e/0008/r,15.7143371639375
21466ee9-c1b6-4699-afcc-84128f8d0b1e/0008/theta,4.98201201922866
94df467e-76d8-42c3-b45d-dcebf6131998/0011/r,5.96092372685401
94df467e-76d8-42c3-b45d-dcebf6131998/0011/theta,3.6195772949046
43125b79-258a-42c8-8572-fcad85e3c3be/0002/r,27.8383363272892
43125b79-258a-42c8-8572-fcad85e3c3be/0002/theta,-36.1536941947428
c6efa238-f063-407a-9f5c-81bb9983302e/0019/r,11.3010889244985
c6efa238-f063-407a-9f5c-81bb9983302e/0019/theta,28.6656428066331
f8e9737c-639e-433f-8f28-2d7660d63181/0039/r,33
f8e9737c-639e-433f-8f28-2d7660d63181/0039/theta,-1.08398343103368
6662fdd2-4512-4fce-84b0-717edcd5f54c/0052/r,9.00634190154118
6662fdd2-4512-4fce-84b0-717edcd5f54c/0052/theta,23.8618932179346
94df467e-76d8-42c3-b45d-dcebf6131998/0009/r,6.08988430135955
94df467e-76d8-42c3-b45d-dcebf6131998/0009/theta,4.68435234697475
030a2430-5503-47c8-87df-8df226c188b2/0015/r,13.5498037622302
030a2430-5503-47c8-87df-8df226c188b2/0015/theta,20.6744771279134
c8f59cc1-94da-4419-9946-8b1e4a42bbcd/0014/r,14.8259703687994
c8f59cc1-94da-4419-9946-8b1e4a42bbcd/0014/theta,23.5854511791416
4bdadb60-87ad-4a69-92a0-8d99e2fe3a51/0000/r,33
4bdadb60-87ad-4a69-92a0-8d99e2fe3a51/0000/theta,-1.08398343103368
eccfbc47-1e2f-4754-9fa7-4f56903cd13d/0010/r,16.2474261966198
eccfbc47-1e2f-4754-9fa7-4f56903cd13d/0010/theta,-23.905073459009
f8e9737c-639e-433f-8f28-2d7660d63181/0007/r,33
f8e9737c-639e-433f-8f28-2d7660d63181/0007/theta,-1.08398343103368
561f3498-8181-4eca-bfda-5f3d61ba76ef/0003/r,33
561f3498-8181-4eca-bfda-5f3d61ba76ef/0003/theta,-1.08398343103368
5d07a8d5-1fed-47ef-8bb7-a6074763e09e/0026/r,33
5d07a8d5-1fed-47ef-8bb7-a6074763e09e/0026/theta,-1.08398343103368
75aeccb7-a82d-4013-9962-e9c9039c264d/0005/r,33
75aeccb7-a82d-4013-9962-e9c9039c264d/0005/theta,-1.08398343103368
87e9e215-a030-476d-ac5f-f1f4d06ac0c9/0067/r,9.52484873923969
87e9e215-a030-476d-ac5f-f1f4d06ac0c9/0067/theta,2.77359317708254
87e9e215-a030-476d-ac5f-f1f4d06ac0c9/0018/r,18.2756476009333
87e9e215-a030-476d-ac5f-f1f4d06ac0c9/0018/theta,3.34561101130632
77d40a22-9c26-4258-a3cc-a92789bd692e/0015/r,33
77d40a22-9c26-4258-a3cc-a92789bd692e/0015/theta,-1.08398343103368
ee2d1ee9-dd1d-4e63-9881-19205c5dae27/0061/r,7.01322991564081
ee2d1ee9-dd1d-4e63-9881-19205c5dae27/0061/theta,0.200071657937558
c6efa238-f063-407a-9f5c-81bb9983302e/0006/r,33
c6efa238-f063-407a-9f5c-81bb9983302e/0006/theta,-1.08398343103368
94835623-ca6c-4ac4-82d4-0e63c1b7c16a/0025/r,6.19236276983365
94835623-ca6c-4ac4-82d4-0e63c1b7c16a/0025/theta,4.16516422703841
561f3498-8181-4eca-bfda-5f3d61ba76ef/0029/r,29.1378037538225
561f3498-8181-4eca-bfda-5f3d61ba76ef/0029/theta,-28.6831320257902
6cd404eb-1c36-4bde-b9b1-24b39b2c715f/0006/r,13.9777118270386
6cd404eb-1c36-4bde-b9b1-24b39b2c715f/0006/theta,-11.0192173985708
9d602547-bdf8-45e3-9b16-81c6fe9338e4/0002/r,33
9d602547-bdf8-45e3-9b16-81c6fe9338e4/0002/theta,-1.08398343103368
0382f411-9b8a-47dc-bd88-eac8245a28ee/0002/r,27.1253562372897
0382f411-9b8a-47dc-bd88-eac8245a28ee/0002/theta,-17.6070654909636
75aeccb7-a82d-4013-9962-e9c9039c264d/0025/r,25.8971992549484
75aeccb7-a82d-4013-9962-e9c9039c264d/0025/theta,6.1883355746976
9777f121-d32a-4eba-ad84-7b1b579d9f32/0032/r,7.5112494855433
9777f121-d32a-4eba-ad84-7b1b579d9f32/0032/theta,-31.5198359606028
21466ee9-c1b6-4699-afcc-84128f8d0b1e/0028/r,19.9996933183154
21466ee9-c1b6-4699-afcc-84128f8d0b1e/0028/theta,1.8676330627978
58e8bf48-c131-42fb-b5f6-f63e6dc09483/0003/r,9.27907601958069
58e8bf48-c131-42fb-b5f6-f63e6dc09483/0003/theta,-27.5237119883348
55bfa58c-415e-443e-aaa0-c6716f66f780/0035/r,33
55bfa58c-415e-443e-aaa0-c6716f66f780/0035/theta,-1.08398343103368
561f3498-8181-4eca-bfda-5f3d61ba76ef/0005/r,12.7661715297668
561f3498-8181-4eca-bfda-5f3d61ba76ef/0005/theta,21.4214657474513
268e7603-8bb4-4909-ad83-2962513382d4/0007/r,33
268e7603-8bb4-4909-ad83-2962513382d4/0007/theta,-1.08398343103368
030a2430-5503-47c8-87df-8df226c188b2/0016/r,33
030a2430-5503-47c8-87df-8df226c188b2/0016/theta,-1.08398343103368
77d40a22-9c26-4258-a3cc-a92789bd692e/0017/r,32.2829898966912
77d40a22-9c26-4258-a3cc-a92789bd692e/0017/theta,-13.7185866219204
9777f121-d32a-4eba-ad84-7b1b579d9f32/0018/r,37.2353484068554
9777f121-d32a-4eba-ad84-7b1b579d9f32/0018/theta,-37.0580003633679
cfb2daae-611b-4b73-9084-6dbf68c8343d/0002/r,33
cfb2daae-611b-4b73-9084-6dbf68c8343d/0002/theta,-1.08398343103368
77d40a22-9c26-4258-a3cc-a92789bd692e/0016/r,32.9920561207066
77d40a22-9c26-4258-a3cc-a92789bd692e/0016/theta,-14.3288261596388
561f3498-8181-4eca-bfda-5f3d61ba76ef/0015/r,33
561f3498-8181-4eca-bfda-5f3d61ba76ef/0015/theta,-1.08398343103368
94835623-ca6c-4ac4-82d4-0e63c1b7c16a/0020/r,11.455719374407
94835623-ca6c-4ac4-82d4-0e63c1b7c16a/0020/theta,3.68038153902054
d441b25e-dd7d-46c2-895d-2510bcbd207d/0041/r,33
d441b25e-dd7d-46c2-895d-2510bcbd207d/0041/theta,-1.08398343103368
5d07a8d5-1fed-47ef-8bb7-a6074763e09e/0008/r,5.91540315672164
5d07a8d5-1fed-47ef-8bb7-a6074763e09e/0008/theta,3.98689901853692
268e7603-8bb4-4909-ad83-2962513382d4/0018/r,33
268e7603-8bb4-4909-ad83-2962513382d4/0018/theta,-1.08398343103368
77d40a22-9c26-4258-a3cc-a92789bd692e/0007/r,33
77d40a22-9c26-4258-a3cc-a92789bd692e/0007/theta,-1.08398343103368
2b0b4d7d-2d10-46c6-b81d-6a7ec08ad6a9/0002/r,10.6921484010491
2b0b4d7d-2d10-46c6-b81d-6a7ec08ad6a9/0002/theta,-20.3957937071686
c8f59cc1-94da-4419-9946-8b1e4a42bbcd/0005/r,5.44748409261693
c8f59cc1-94da-4419-9946-8b1e4a42bbcd/0005/theta,6.00705915603106
0382f411-9b8a-47dc-bd88-eac8245a28ee/0061/r,33
0382f411-9b8a-47dc-bd88-eac8245a28ee/0061/theta,-1.08398343103368
0382f411-9b8a-47dc-bd88-eac8245a28ee/0044/r,33
0382f411-9b8a-47dc-bd88-eac8245a28ee/0044/theta,-1.08398343103368
55bfa58c-415e-443e-aaa0-c6716f66f780/0021/r,12.1139471373109
55bfa58c-415e-443e-aaa0-c6716f66f780/0021/theta,-20.4687242923345
ee2d1ee9-dd1d-4e63-9881-19205c5dae27/0051/r,6.20945584851889
ee2d1ee9-dd1d-4e63-9881-19205c5dae27/0051/theta,-0.602068710313751
030a2430-5503-47c8-87df-8df226c188b2/0008/r,33.7703970284396
030a2430-5503-47c8-87df-8df226c188b2/0008/theta,-24.9788439623351
f231aa86-53f9-4ddf-b163-0bb421b5c1b1/0004/r,33
f231aa86-53f9-4ddf-b163-0bb421b5c1b1/0004/theta,-1.08398343103368
030a2430-5503-47c8-87df-8df226c188b2/0059/r,12.4138825712601
030a2430-5503-47c8-87df-8df226c188b2/0059/theta,-2.70489024596132
87e9e215-a030-476d-ac5f-f1f4d06ac0c9/0060/r,10.3227857513372
87e9e215-a030-476d-ac5f-f1f4d06ac0c9/0060/theta,6.48347881882889
94835623-ca6c-4ac4-82d4-0e63c1b7c16a/0000/r,7.04969436115286
94835623-ca6c-4ac4-82d4-0e63c1b7c16a/0000/theta,8.1828814772958
1d954255-b8d3-42f4-9e47-2cc32c4cb5ce/0021/r,7.80220999158014
1d954255-b8d3-42f4-9e47-2cc32c4cb5ce/0021/theta,-34.67220860704
6cc9eaa6-ab67-4102-b088-4ab6efa2af6e/0039/r,20.9349540734597
6cc9eaa6-ab67-4102-b088-4ab6efa2af6e/0039/theta,37.8007901896626
c8f59cc1-94da-4419-9946-8b1e4a42bbcd/0016/r,5.01106214243736
c8f59cc1-94da-4419-9946-8b1e4a42bbcd/0016/theta,-2.61123241666104
6cc9eaa6-ab67-4102-b088-4ab6efa2af6e/0034/r,24.1690555637054
6cc9eaa6-ab67-4102-b088-4ab6efa2af6e/0034/theta,28.1076536563225
ec1672b2-15ee-4dcb-a6a0-1f524a1977d4/0018/r,49.613389327739
ec1672b2-15ee-4dcb-a6a0-1f524a1977d4/0018/theta,23.963174437583
33258271-d00b-47bb-a09a-4db79a4717e0/0024/r,30.2203382105274
33258271-d00b-47bb-a09a-4db79a4717e0/0024/theta,-11.3096742207003
fdf23cc5-6850-4507-996e-3e75cec90b5f/0000/r,15.0830197080237
fdf23cc5-6850-4507-996e-3e75cec90b5f/0000/theta,1.42995821690953
43125b79-258a-42c8-8572-fcad85e3c3be/0015/r,33
43125b79-258a-42c8-8572-fcad85e3c3be/0015/theta,-1.08398343103368
9777f121-d32a-4eba-ad84-7b1b579d9f32/0006/r,33
9777f121-d32a-4eba-ad84-7b1b579d9f32/0006/theta,-1.08398343103368
5d07a8d5-1fed-47ef-8bb7-a6074763e09e/0014/r,5.63002020517122
5d07a8d5-1fed-47ef-8bb7-a6074763e09e/0014/theta,2.54732472270754
1d954255-b8d3-42f4-9e47-2cc32c4cb5ce/0008/r,33
1d954255-b8d3-42f4-9e47-2cc32c4cb5ce/0008/theta,-1.08398343103368
4bdadb60-87ad-4a69-92a0-8d99e2fe3a51/0011/r,10.0582177274271
4bdadb60-87ad-4a69-92a0-8d99e2fe3a51/0011/theta,5.19992631108165
6cd404eb-1c36-4bde-b9b1-24b39b2c715f/0020/r,43.1226551531432
6cd404eb-1c36-4bde-b9b1-24b39b2c715f/0020/theta,3.49794571549351
6662fdd2-4512-4fce-84b0-717edcd5f54c/0020/r,26.3765390726766
6662fdd2-4512-4fce-84b0-717edcd5f54c/0020/theta,-9.69960483234051
ee2d1ee9-dd1d-4e63-9881-19205c5dae27/0050/r,6.29510984182554
ee2d1ee9-dd1d-4e63-9881-19205c5dae27/0050/theta,0.808740622138079
cfb2daae-611b-4b73-9084-6dbf68c8343d/0009/r,11.3266488267074
cfb2daae-611b-4b73-9084-6dbf68c8343d/0009/theta,-29.2520733302229
21466ee9-c1b6-4699-afcc-84128f8d0b1e/0019/r,11.8406469890835
21466ee9-c1b6-4699-afcc-84128f8d0b1e/0019/theta,8.34801539081356
94835623-ca6c-4ac4-82d4-0e63c1b7c16a/0007/r,32.7583115717398
94835623-ca6c-4ac4-82d4-0e63c1b7c16a/0007/theta,-35.6683805345141
05ccd11f-9082-4273-aefa-f8386f9ac125/0016/r,33
05ccd11f-9082-4273-aefa-f8386f9ac125/0016/theta,-1.08398343103368
fdf23cc5-6850-4507-996e-3e75cec90b5f/0016/r,33
fdf23cc5-6850-4507-996e-3e75cec90b5f/0016/theta,-1.08398343103368
4bdadb60-87ad-4a69-92a0-8d99e2fe3a51/0015/r,10.0616645970284
4bdadb60-87ad-4a69-92a0-8d99e2fe3a51/0015/theta,5.52898934517842
43125b79-258a-42c8-8572-fcad85e3c3be/0014/r,33
43125b79-258a-42c8-8572-fcad85e3c3be/0014/theta,-1.08398343103368
ee2d1ee9-dd1d-4e63-9881-19205c5dae27/0067/r,6.60490335673667
ee2d1ee9-dd1d-4e63-9881-19205c5dae27/0067/theta,-0.803550330824212
21466ee9-c1b6-4699-afcc-84128f8d0b1e/0014/r,8.1106584808104
21466ee9-c1b6-4699-afcc-84128f8d0b1e/0014/theta,8.63449498681636
6662fdd2-4512-4fce-84b0-717edcd5f54c/0019/r,26.3554198303071
6662fdd2-4512-4fce-84b0-717edcd5f54c/0019/theta,-9.7225205724056
561f3498-8181-4eca-bfda-5f3d61ba76ef/0000/r,9.84507816244294
561f3498-8181-4eca-bfda-5f3d61ba76ef/0000/theta,-22.7869602882136
d441b25e-dd7d-46c2-895d-2510bcbd207d/0038/r,15.1333510397779
d441b25e-dd7d-46c2-895d-2510bcbd207d/0038/theta,-29.6975445509859
030a2430-5503-47c8-87df-8df226c188b2/0052/r,13.7381452095267
030a2430-5503-47c8-87df-8df226c188b2/0052/theta,1.79632050024604
0382f411-9b8a-47dc-bd88-eac8245a28ee/0026/r,46.2550291084485
0382f411-9b8a-47dc-bd88-eac8245a28ee/0026/theta,-8.70791219699068
ee2d1ee9-dd1d-4e63-9881-19205c5dae27/0034/r,5.86194782835474
ee2d1ee9-dd1d-4e63-9881-19205c5dae27/0034/theta,-0.399914154822411
94df467e-76d8-42c3-b45d-dcebf6131998/0022/r,8.56212491842546
94df467e-76d8-42c3-b45d-dcebf6131998/0022/theta,31.2081082119667
87e9e215-a030-476d-ac5f-f1f4d06ac0c9/0009/r,33
87e9e215-a030-476d-ac5f-f1f4d06ac0c9/0009/theta,-1.08398343103368
f8b71ebf-da9e-408f-a080-6a972365160b/0029/r,9.31125711129803
f8b71ebf-da9e-408f-a080-6a972365160b/0029/theta,-33.9665039773041
d441b25e-dd7d-46c2-895d-2510bcbd207d/0015/r,13.1767046448762
d441b25e-dd7d-46c2-895d-2510bcbd207d/0015/theta,-17.7476939557978
8cfc1ad6-6b03-40bc-8f6e-4215a6741bc3/0005/r,33
8cfc1ad6-6b03-40bc-8f6e-4215a6741bc3/0005/theta,-1.08398343103368
0382f411-9b8a-47dc-bd88-eac8245a28ee/0013/r,33
0382f411-9b8a-47dc-bd88-eac8245a28ee/0013/theta,-1.08398343103368
fdf23cc5-6850-4507-996e-3e75cec90b5f/0011/r,33
fdf23cc5-6850-4507-996e-3e75cec90b5f/0011/theta,-1.08398343103368
7363cba9-9fbb-4fd2-8c07-e46bed2e1f33/0020/r,8.63382231171373
7363cba9-9fbb-4fd2-8c07-e46bed2e1f33/0020/theta,5.93893326364199
6cc9eaa6-ab67-4102-b088-4ab6efa2af6e/0035/r,21.8545165645941
6cc9eaa6-ab67-4102-b088-4ab6efa2af6e/0035/theta,32.4883520281934
561f3498-8181-4eca-bfda-5f3d61ba76ef/0024/r,30.3088432852823
561f3498-8181-4eca-bfda-5f3d61ba76ef/0024/theta,21.8339874230541
c8f59cc1-94da-4419-9946-8b1e4a42bbcd/0007/r,20.3853944855445
c8f59cc1-94da-4419-9946-8b1e4a42bbcd/0007/theta,16.434538787425
77d40a22-9c26-4258-a3cc-a92789bd692e/0000/r,15.8073554142092
77d40a22-9c26-4258-a3cc-a92789bd692e/0000/theta,1.14257911306428
cfb2daae-611b-4b73-9084-6dbf68c8343d/0012/r,33
cfb2daae-611b-4b73-9084-6dbf68c8343d/0012/theta,-1.08398343103368
9d602547-bdf8-45e3-9b16-81c6fe9338e4/0000/r,33
9d602547-bdf8-45e3-9b16-81c6fe9338e4/0000/theta,-1.08398343103368
f8b71ebf-da9e-408f-a080-6a972365160b/0014/r,12.5185315845339
f8b71ebf-da9e-408f-a080-6a972365160b/0014/theta,32.0071216336535
ec1672b2-15ee-4dcb-a6a0-1f524a1977d4/0000/r,33
ec1672b2-15ee-4dcb-a6a0-1f524a1977d4/0000/theta,-1.08398343103368
ec1672b2-15ee-4dcb-a6a0-1f524a1977d4/0008/r,33
ec1672b2-15ee-4dcb-a6a0-1f524a1977d4/0008/theta,-1.08398343103368
bc97d88d-8c86-4653-86a5-4597485ce018/0004/r,10.4880640074522
bc97d88d-8c86-4653-86a5-4597485ce018/0004/theta,20.8128147438211
268e7603-8bb4-4909-ad83-2962513382d4/0009/r,33
268e7603-8bb4-4909-ad83-2962513382d4/0009/theta,-1.08398343103368
a7300ae2-80c6-4a3f-ab9c-9f88f5299b67/0018/r,24.8624009774316
a7300ae2-80c6-4a3f-ab9c-9f88f5299b67/0018/theta,-38.6178150638845
77d40a22-9c26-4258-a3cc-a92789bd692e/0038/r,25.343974791812
77d40a22-9c26-4258-a3cc-a92789bd692e/0038/theta,-31.6344812712333
0213ada8-e776-4404-9312-c264153c57c1/0033/r,10.0634684200981
0213ada8-e776-4404-9312-c264153c57c1/0033/theta,37.9613311469215
55bfa58c-415e-443e-aaa0-c6716f66f780/0019/r,30.9209847820039
55bfa58c-415e-443e-aaa0-c6716f66f780/0019/theta,-2.40938253062913
55bfa58c-415e-443e-aaa0-c6716f66f780/0053/r,27.6646423871449
55bfa58c-415e-443e-aaa0-c6716f66f780/0053/theta,-7.07396029749904
f8e9737c-639e-433f-8f28-2d7660d63181/0002/r,33
f8e9737c-639e-433f-8f28-2d7660d63181/0002/theta,-1.08398343103368
05ccd11f-9082-4273-aefa-f8386f9ac125/0019/r,33
05ccd11f-9082-4273-aefa-f8386f9ac125/0019/theta,-1.08398343103368
55bfa58c-415e-443e-aaa0-c6716f66f780/0041/r,19.7795798129772
55bfa58c-415e-443e-aaa0-c6716f66f780/0041/theta,37.6098457376874
268e7603-8bb4-4909-ad83-2962513382d4/0022/r,33
268e7603-8bb4-4909-ad83-2962513382d4/0022/theta,-1.08398343103368
77d40a22-9c26-4258-a3cc-a92789bd692e/0045/r,33
77d40a22-9c26-4258-a3cc-a92789bd692e/0045/theta,-1.08398343103368
6cc9eaa6-ab67-4102-b088-4ab6efa2af6e/0015/r,32.6763337420462
6cc9eaa6-ab67-4102-b088-4ab6efa2af6e/0015/theta,15.8052901786828
d441b25e-dd7d-46c2-895d-2510bcbd207d/0019/r,33
d441b25e-dd7d-46c2-895d-2510bcbd207d/0019/theta,-1.08398343103368
aa3e1716-992d-48a6-9b2b-1abef589b301/0025/r,22.0911044668281
aa3e1716-992d-48a6-9b2b-1abef589b301/0025/theta,27.8764923391725
59f19071-a9b1-4de8-b7fd-2a862d2ae674/0007/r,9.75470565849075
59f19071-a9b1-4de8-b7fd-2a862d2ae674/0007/theta,-26.8987411554115
87e9e215-a030-476d-ac5f-f1f4d06ac0c9/0049/r,14.6860199687833
87e9e215-a030-476d-ac5f-f1f4d06ac0c9/0049/theta,1.01245496429129
f14dd492-2b02-43e0-8716-e03e090cbc64/0012/r,12.5852850847928
f14dd492-2b02-43e0-8716-e03e090cbc64/0012/theta,-35.2932029230833
2b0b4d7d-2d10-46c6-b81d-6a7ec08ad6a9/0008/r,12.6403473491004
2b0b4d7d-2d10-46c6-b81d-6a7ec08ad6a9/0008/theta,32.1719250073306
87e9e215-a030-476d-ac5f-f1f4d06ac0c9/0001/r,18.5022594698194
87e9e215-a030-476d-ac5f-f1f4d06ac0c9/0001/theta,6.51089390943384
6cc9eaa6-ab67-4102-b088-4ab6efa2af6e/0037/r,20.1433135488207
6cc9eaa6-ab67-4102-b088-4ab6efa2af6e/0037/theta,37.5317777950907
e8bd0d0d-7332-4698-a425-05be2697d3a5/0016/r,28.8905499156755
e8bd0d0d-7332-4698-a425-05be2697d3a5/0016/theta,8.02679020761684
9777f121-d32a-4eba-ad84-7b1b579d9f32/0005/r,16.221928500768
9777f121-d32a-4eba-ad84-7b1b579d9f32/0005/theta,-2.95033211388226
6662fdd2-4512-4fce-84b0-717edcd5f54c/0023/r,26.3758912172098
6662fdd2-4512-4fce-84b0-717edcd5f54c/0023/theta,-9.69956006112837
1d954255-b8d3-42f4-9e47-2cc32c4cb5ce/0035/r,40.4446691887101
1d954255-b8d3-42f4-9e47-2cc32c4cb5ce/0035/theta,22.6507060785142
0213ada8-e776-4404-9312-c264153c57c1/0051/r,33
0213ada8-e776-4404-9312-c264153c57c1/0051/theta,-1.08398343103368
a7300ae2-80c6-4a3f-ab9c-9f88f5299b67/0000/r,33
a7300ae2-80c6-4a3f-ab9c-9f88f5299b67/0000/theta,-1.08398343103368
1d954255-b8d3-42f4-9e47-2cc32c4cb5ce/0032/r,33
1d954255-b8d3-42f4-9e47-2cc32c4cb5ce/0032/theta,-1.08398343103368
7363cba9-9fbb-4fd2-8c07-e46bed2e1f33/0011/r,33
7363cba9-9fbb-4fd2-8c07-e46bed2e1f33/0011/theta,-1.08398343103368
59f19071-a9b1-4de8-b7fd-2a862d2ae674/0039/r,33
59f19071-a9b1-4de8-b7fd-2a862d2ae674/0039/theta,-1.08398343103368
55bfa58c-415e-443e-aaa0-c6716f66f780/0049/r,33
55bfa58c-415e-443e-aaa0-c6716f66f780/0049/theta,-1.08398343103368
597b5172-e412-4827-9b78-6b3585569148/0000/r,10.7836319808144
597b5172-e412-4827-9b78-6b3585569148/0000/theta,-34.4636218812619
eccfbc47-1e2f-4754-9fa7-4f56903cd13d/0006/r,19.2473841033377
eccfbc47-1e2f-4754-9fa7-4f56903cd13d/0006/theta,-16.1735913826978
75aeccb7-a82d-4013-9962-e9c9039c264d/0019/r,33
75aeccb7-a82d-4013-9962-e9c9039c264d/0019/theta,-1.08398343103368
f231aa86-53f9-4ddf-b163-0bb421b5c1b1/0022/r,33
f231aa86-53f9-4ddf-b163-0bb421b5c1b1/0022/theta,-1.08398343103368
f14dd492-2b02-43e0-8716-e03e090cbc64/0009/r,33
f14dd492-2b02-43e0-8716-e03e090cbc64/0009/theta,-1.08398343103368
05ccd11f-9082-4273-aefa-f8386f9ac125/0044/r,10.8765321127362
05ccd11f-9082-4273-aefa-f8386f9ac125/0044/theta,-24.6516773182192
59f19071-a9b1-4de8-b7fd-2a862d2ae674/0006/r,33
59f19071-a9b1-4de8-b7fd-2a862d2ae674/0006/theta,-1.08398343103368
21466ee9-c1b6-4699-afcc-84128f8d0b1e/0039/r,7.05614068498351
21466ee9-c1b6-4699-afcc-84128f8d0b1e/0039/theta,-6.03352084745737
6662fdd2-4512-4fce-84b0-717edcd5f54c/0002/r,32.9015752708292
6662fdd2-4512-4fce-84b0-717edcd5f54c/0002/theta,-10.7616985851685
5d07a8d5-1fed-47ef-8bb7-a6074763e09e/0029/r,33
5d07a8d5-1fed-47ef-8bb7-a6074763e09e/0029/theta,-1.08398343103368
77d40a22-9c26-4258-a3cc-a92789bd692e/0028/r,36.7339567422477
77d40a22-9c26-4258-a3cc-a92789bd692e/0028/theta,-15.067222841917
5d07a8d5-1fed-47ef-8bb7-a6074763e09e/0012/r,5.9898671712627
5d07a8d5-1fed-47ef-8bb7-a6074763e09e/0012/theta,2.102300654637
d441b25e-dd7d-46c2-895d-2510bcbd207d/0037/r,33
d441b25e-dd7d-46c2-895d-2510bcbd207d/0037/theta,-1.08398343103368
5d07a8d5-1fed-47ef-8bb7-a6074763e09e/0047/r,18.4033471041523
5d07a8d5-1fed-47ef-8bb7-a6074763e09e/0047/theta,2.0286083522112e-05
55bfa58c-415e-443e-aaa0-c6716f66f780/0052/r,27.7017548211778
55bfa58c-415e-443e-aaa0-c6716f66f780/0052/theta,-6.85046953325796
0382f411-9b8a-47dc-bd88-eac8245a28ee/0004/r,23.4392388455072
0382f411-9b8a-47dc-bd88-eac8245a28ee/0004/theta,-30.9773547407263
ee2d1ee9-dd1d-4e63-9881-19205c5dae27/0039/r,6.13963088975222
ee2d1ee9-dd1d-4e63-9881-19205c5dae27/0039/theta,0.802903950857489
87e9e215-a030-476d-ac5f-f1f4d06ac0c9/0051/r,13.2566159919514
87e9e215-a030-476d-ac5f-f1f4d06ac0c9/0051/theta,-16.284769886902
2b0b4d7d-2d10-46c6-b81d-6a7ec08ad6a9/0015/r,33.5634387399178
2b0b4d7d-2d10-46c6-b81d-6a7ec08ad6a9/0015/theta,-6.18800013908265
4bdadb60-87ad-4a69-92a0-8d99e2fe3a51/0003/r,7.91994972362384
4bdadb60-87ad-4a69-92a0-8d99e2fe3a51/0003/theta,7.05148891877797
fdf23cc5-6850-4507-996e-3e75cec90b5f/0009/r,33
fdf23cc5-6850-4507-996e-3e75cec90b5f/0009/theta,-1.08398343103368
77d40a22-9c26-4258-a3cc-a92789bd692e/0009/r,24.2666735909925
77d40a22-9c26-4258-a3cc-a92789bd692e/0009/theta,-5.00381295530667
59f19071-a9b1-4de8-b7fd-2a862d2ae674/0012/r,16.1418209940725
59f19071-a9b1-4de8-b7fd-2a862d2ae674/0012/theta,-23.972980266489
4b19b5e5-260b-4fbc-83c2-f24eeacdcc64/0004/r,20.9315081162071
4b19b5e5-260b-4fbc-83c2-f24eeacdcc64/0004/theta,-12.1593118034288
f14dd492-2b02-43e0-8716-e03e090cbc64/0004/r,14.1101143699948
f14dd492-2b02-43e0-8716-e03e090cbc64/0004/theta,10.4440633534401
aa3e1716-992d-48a6-9b2b-1abef589b301/0024/r,22.5866819269117
aa3e1716-992d-48a6-9b2b-1abef589b301/0024/theta,29.2172033048092
f7641633-c393-4115-9278-0d9b4dbf391b/0003/r,33
f7641633-c393-4115-9278-0d9b4dbf391b/0003/theta,-1.08398343103368
21466ee9-c1b6-4699-afcc-84128f8d0b1e/0015/r,8.03871273760373
21466ee9-c1b6-4699-afcc-84128f8d0b1e/0015/theta,9.56889907093063
6662fdd2-4512-4fce-84b0-717edcd5f54c/0010/r,29.9733017322664
6662fdd2-4512-4fce-84b0-717edcd5f54c/0010/theta,-12.3261420330784
0382f411-9b8a-47dc-bd88-eac8245a28ee/0014/r,33
0382f411-9b8a-47dc-bd88-eac8245a28ee/0014/theta,-1.08398343103368
ec1672b2-15ee-4dcb-a6a0-1f524a1977d4/0030/r,33
ec1672b2-15ee-4dcb-a6a0-1f524a1977d4/0030/theta,-1.08398343103368
6662fdd2-4512-4fce-84b0-717edcd5f54c/0006/r,29.9731837996854
6662fdd2-4512-4fce-84b0-717edcd5f54c/0006/theta,-12.3263431339244
94835623-ca6c-4ac4-82d4-0e63c1b7c16a/0018/r,34.4712880022689
94835623-ca6c-4ac4-82d4-0e63c1b7c16a/0018/theta,-27.9896498772057
ee2d1ee9-dd1d-4e63-9881-19205c5dae27/0001/r,5.805279217281
ee2d1ee9-dd1d-4e63-9881-19205c5dae27/0001/theta,-25.1788017841489
f14dd492-2b02-43e0-8716-e03e090cbc64/0007/r,25.2586030911013
f14dd492-2b02-43e0-8716-e03e090cbc64/0007/theta,4.4032091975717
43125b79-258a-42c8-8572-fcad85e3c3be/0004/r,31.5517293058215
43125b79-258a-42c8-8572-fcad85e3c3be/0004/theta,-29.2483970299057
94835623-ca6c-4ac4-82d4-0e63c1b7c16a/0026/r,6.14597434766668
94835623-ca6c-4ac4-82d4-0e63c1b7c16a/0026/theta,2.75180590092981
ee2d1ee9-dd1d-4e63-9881-19205c5dae27/0074/r,7.33025892602448
ee2d1ee9-dd1d-4e63-9881-19205c5dae27/0074/theta,1.59061941613283
f8e9737c-639e-433f-8f28-2d7660d63181/0004/r,33
f8e9737c-639e-433f-8f28-2d7660d63181/0004/theta,-1.08398343103368
43125b79-258a-42c8-8572-fcad85e3c3be/0013/r,33
43125b79-258a-42c8-8572-fcad85e3c3be/0013/theta,-1.08398343103368
77d40a22-9c26-4258-a3cc-a92789bd692e/0013/r,33
77d40a22-9c26-4258-a3cc-a92789bd692e/0013/theta,-1.08398343103368
6662fdd2-4512-4fce-84b0-717edcd5f54c/0055/r,21.4386291457651
6662fdd2-4512-4fce-84b0-717edcd5f54c/0055/theta,37.2553890734462
f8e9737c-639e-433f-8f28-2d7660d63181/0009/r,33
f8e9737c-639e-433f-8f28-2d7660d63181/0009/theta,-1.08398343103368
bc97d88d-8c86-4653-86a5-4597485ce018/0010/r,7.75539061557959
bc97d88d-8c86-4653-86a5-4597485ce018/0010/theta,-17.3903995507162
f7641633-c393-4115-9278-0d9b4dbf391b/0032/r,33
f7641633-c393-4115-9278-0d9b4dbf391b/0032/theta,-1.08398343103368
59f19071-a9b1-4de8-b7fd-2a862d2ae674/0002/r,33
59f19071-a9b1-4de8-b7fd-2a862d2ae674/0002/theta,-1.08398343103368
6cc9eaa6-ab67-4102-b088-4ab6efa2af6e/0044/r,33
6cc9eaa6-ab67-4102-b088-4ab6efa2af6e/0044/theta,-1.08398343103368
ee2d1ee9-dd1d-4e63-9881-19205c5dae27/0062/r,7.03638024350879
ee2d1ee9-dd1d-4e63-9881-19205c5dae27/0062/theta,0.803632358229624
9777f121-d32a-4eba-ad84-7b1b579d9f32/0026/r,33
9777f121-d32a-4eba-ad84-7b1b579d9f32/0026/theta,-1.08398343103368
561f3498-8181-4eca-bfda-5f3d61ba76ef/0027/r,30.2786762208547
561f3498-8181-4eca-bfda-5f3d61ba76ef/0027/theta,-34.3117125235322
21466ee9-c1b6-4699-afcc-84128f8d0b1e/0004/r,33
21466ee9-c1b6-4699-afcc-84128f8d0b1e/0004/theta,-1.08398343103368
eccfbc47-1e2f-4754-9fa7-4f56903cd13d/0019/r,14.6007162224893
eccfbc47-1e2f-4754-9fa7-4f56903cd13d/0019/theta,-26.4505357068067
d441b25e-dd7d-46c2-895d-2510bcbd207d/0035/r,29.9723056778166
d441b25e-dd7d-46c2-895d-2510bcbd207d/0035/theta,2.68718853544213
5d07a8d5-1fed-47ef-8bb7-a6074763e09e/0009/r,6.07568287730479
5d07a8d5-1fed-47ef-8bb7-a6074763e09e/0009/theta,-1.06366283409543
87e9e215-a030-476d-ac5f-f1f4d06ac0c9/0048/r,14.4151201474455
87e9e215-a030-476d-ac5f-f1f4d06ac0c9/0048/theta,1.40282485213417
f14dd492-2b02-43e0-8716-e03e090cbc64/0000/r,21.7144815770784
f14dd492-2b02-43e0-8716-e03e090cbc64/0000/theta,-34.3392167149958
94df467e-76d8-42c3-b45d-dcebf6131998/0007/r,5.46229582896472
94df467e-76d8-42c3-b45d-dcebf6131998/0007/theta,-0.725221222632514
fdf23cc5-6850-4507-996e-3e75cec90b5f/0042/r,5.28268307822569
fdf23cc5-6850-4507-996e-3e75cec90b5f/0042/theta,8.76630751468241
6cd404eb-1c36-4bde-b9b1-24b39b2c715f/0009/r,33
6cd404eb-1c36-4bde-b9b1-24b39b2c715f/0009/theta,-1.08398343103368
aa3e1716-992d-48a6-9b2b-1abef589b301/0021/r,24.8195201214482
aa3e1716-992d-48a6-9b2b-1abef589b301/0021/theta,35.0015221796362
ec1672b2-15ee-4dcb-a6a0-1f524a1977d4/0017/r,15.3227475863716
ec1672b2-15ee-4dcb-a6a0-1f524a1977d4/0017/theta,36.4341904322575
43125b79-258a-42c8-8572-fcad85e3c3be/0001/r,23.0819286457196
43125b79-258a-42c8-8572-fcad85e3c3be/0001/theta,-25.4720621205335
bc97d88d-8c86-4653-86a5-4597485ce018/0014/r,32.9450178715583
bc97d88d-8c86-4653-86a5-4597485ce018/0014/theta,-22.7808514097499
b89ca3c0-b361-43f8-b261-ab7eabe8eabf/0011/r,36.8331890910639
b89ca3c0-b361-43f8-b261-ab7eabe8eabf/0011/theta,37.8523449259283
f8e9737c-639e-433f-8f28-2d7660d63181/0048/r,33
f8e9737c-639e-433f-8f28-2d7660d63181/0048/theta,-1.08398343103368
0213ada8-e776-4404-9312-c264153c57c1/0001/r,9.64026662489531
0213ada8-e776-4404-9312-c264153c57c1/0001/theta,5.21711886052673
94df467e-76d8-42c3-b45d-dcebf6131998/0006/r,5.70548825202576
94df467e-76d8-42c3-b45d-dcebf6131998/0006/theta,2.77449982234203
1d954255-b8d3-42f4-9e47-2cc32c4cb5ce/0010/r,21.1020249576073
1d954255-b8d3-42f4-9e47-2cc32c4cb5ce/0010/theta,18.2721150098717
77d40a22-9c26-4258-a3cc-a92789bd692e/0005/r,14.8096927126142
77d40a22-9c26-4258-a3cc-a92789bd692e/0005/theta,21.8356243376515
05ccd11f-9082-4273-aefa-f8386f9ac125/0002/r,7.30673755171839
05ccd11f-9082-4273-aefa-f8386f9ac125/0002/theta,-31.3571493155111
597b5172-e412-4827-9b78-6b3585569148/0001/r,33
597b5172-e412-4827-9b78-6b3585569148/0001/theta,-1.08398343103368
f231aa86-53f9-4ddf-b163-0bb421b5c1b1/0028/r,14.382900310332
f231aa86-53f9-4ddf-b163-0bb421b5c1b1/0028/theta,-22.9672395487118
ec1672b2-15ee-4dcb-a6a0-1f524a1977d4/0020/r,28.7417343073942
ec1672b2-15ee-4dcb-a6a0-1f524a1977d4/0020/theta,5.42784727583248
f8b71ebf-da9e-408f-a080-6a972365160b/0028/r,33
f8b71ebf-da9e-408f-a080-6a972365160b/0028/theta,-1.08398343103368
55bfa58c-415e-443e-aaa0-c6716f66f780/0013/r,33
55bfa58c-415e-443e-aaa0-c6716f66f780/0013/theta,-1.08398343103368
21466ee9-c1b6-4699-afcc-84128f8d0b1e/0012/r,9.79662357385228
21466ee9-c1b6-4699-afcc-84128f8d0b1e/0012/theta,13.7468042320544
1d954255-b8d3-42f4-9e47-2cc32c4cb5ce/0012/r,8.9941305731305
1d954255-b8d3-42f4-9e47-2cc32c4cb5ce/0012/theta,20.8758714445534
4b19b5e5-260b-4fbc-83c2-f24eeacdcc64/0019/r,33
4b19b5e5-260b-4fbc-83c2-f24eeacdcc64/0019/theta,-1.08398343103368
55bfa58c-415e-443e-aaa0-c6716f66f780/0040/r,21.5162646665544
55bfa58c-415e-443e-aaa0-c6716f66f780/0040/theta,36.7765405662198
4819ef9e-e93e-479b-a613-dca8f9be3d45/0007/r,18.0513980545095
4819ef9e-e93e-479b-a613-dca8f9be3d45/0007/theta,1.72711177635947
77d40a22-9c26-4258-a3cc-a92789bd692e/0020/r,24.3018891041008
77d40a22-9c26-4258-a3cc-a92789bd692e/0020/theta,-32.10022031858
21466ee9-c1b6-4699-afcc-84128f8d0b1e/0040/r,6.32728844838087
21466ee9-c1b6-4699-afcc-84128f8d0b1e/0040/theta,-7.71089064551368
ec1672b2-15ee-4dcb-a6a0-1f524a1977d4/0019/r,33
ec1672b2-15ee-4dcb-a6a0-1f524a1977d4/0019/theta,-1.08398343103368
6662fdd2-4512-4fce-84b0-717edcd5f54c/0008/r,30.0568107909007
6662fdd2-4512-4fce-84b0-717edcd5f54c/0008/theta,-12.4434689113243
c6efa238-f063-407a-9f5c-81bb9983302e/0012/r,33
c6efa238-f063-407a-9f5c-81bb9983302e/0012/theta,-1.08398343103368
55bfa58c-415e-443e-aaa0-c6716f66f780/0050/r,28.2663515456137
55bfa58c-415e-443e-aaa0-c6716f66f780/0050/theta,-6.49679500855354
fdf23cc5-6850-4507-996e-3e75cec90b5f/0027/r,30.2109506812629
fdf23cc5-6850-4507-996e-3e75cec90b5f/0027/theta,-28.7679443726124
5d07a8d5-1fed-47ef-8bb7-a6074763e09e/0006/r,6.69013436507853
5d07a8d5-1fed-47ef-8bb7-a6074763e09e/0006/theta,1.56492823914405
43125b79-258a-42c8-8572-fcad85e3c3be/0019/r,7.08737257222532
43125b79-258a-42c8-8572-fcad85e3c3be/0019/theta,-28.0076211072935
94df467e-76d8-42c3-b45d-dcebf6131998/0013/r,11.7979663814521
94df467e-76d8-42c3-b45d-dcebf6131998/0013/theta,0.994714409408684
1d954255-b8d3-42f4-9e47-2cc32c4cb5ce/0036/r,11.8241122676202
1d954255-b8d3-42f4-9e47-2cc32c4cb5ce/0036/theta,37.3449286301008
9d602547-bdf8-45e3-9b16-81c6fe9338e4/0005/r,7.1737159863215
9d602547-bdf8-45e3-9b16-81c6fe9338e4/0005/theta,6.52803812659186
eccfbc47-1e2f-4754-9fa7-4f56903cd13d/0029/r,33
eccfbc47-1e2f-4754-9fa7-4f56903cd13d/0029/theta,-1.08398343103368
94df467e-76d8-42c3-b45d-dcebf6131998/0016/r,7.67770265856019
94df467e-76d8-42c3-b45d-dcebf6131998/0016/theta,6.90224049653836
d441b25e-dd7d-46c2-895d-2510bcbd207d/0012/r,8.26712652787328
d441b25e-dd7d-46c2-895d-2510bcbd207d/0012/theta,-32.5841591582375
e8bd0d0d-7332-4698-a425-05be2697d3a5/0005/r,17.7192738924571
e8bd0d0d-7332-4698-a425-05be2697d3a5/0005/theta,-35.5591337344231
fdf23cc5-6850-4507-996e-3e75cec90b5f/0033/r,49.0308856439358
fdf23cc5-6850-4507-996e-3e75cec90b5f/0033/theta,15.2018502937541
d441b25e-dd7d-46c2-895d-2510bcbd207d/0007/r,17.7092773760861
d441b25e-dd7d-46c2-895d-2510bcbd207d/0007/theta,-3.00006267212523
c6efa238-f063-407a-9f5c-81bb9983302e/0002/r,31.2469567740595
c6efa238-f063-407a-9f5c-81bb9983302e/0002/theta,-12.2759170509508
1d954255-b8d3-42f4-9e47-2cc32c4cb5ce/0015/r,16.8273623812046
1d954255-b8d3-42f4-9e47-2cc32c4cb5ce/0015/theta,9.88394042465823
1d954255-b8d3-42f4-9e47-2cc32c4cb5ce/0034/r,33
1d954255-b8d3-42f4-9e47-2cc32c4cb5ce/0034/theta,-1.08398343103368
1d954255-b8d3-42f4-9e47-2cc32c4cb5ce/0000/r,27.3599315354299
1d954255-b8d3-42f4-9e47-2cc32c4cb5ce/0000/theta,-17.5834835641565
5d07a8d5-1fed-47ef-8bb7-a6074763e09e/0013/r,5.6550135431015
5d07a8d5-1fed-47ef-8bb7-a6074763e09e/0013/theta,2.95087575350007
030a2430-5503-47c8-87df-8df226c188b2/0029/r,33
030a2430-5503-47c8-87df-8df226c188b2/0029/theta,-1.08398343103368
94835623-ca6c-4ac4-82d4-0e63c1b7c16a/0014/r,33
94835623-ca6c-4ac4-82d4-0e63c1b7c16a/0014/theta,-1.08398343103368
fdf23cc5-6850-4507-996e-3e75cec90b5f/0006/r,7.61578879498338
fdf23cc5-6850-4507-996e-3e75cec90b5f/0006/theta,2.599193008891
55bfa58c-415e-443e-aaa0-c6716f66f780/0024/r,30.1397642092458
55bfa58c-415e-443e-aaa0-c6716f66f780/0024/theta,-32.1263602978826
7363cba9-9fbb-4fd2-8c07-e46bed2e1f33/0012/r,33
7363cba9-9fbb-4fd2-8c07-e46bed2e1f33/0012/theta,-1.08398343103368
94df467e-76d8-42c3-b45d-dcebf6131998/0002/r,4.52915564135279
94df467e-76d8-42c3-b45d-dcebf6131998/0002/theta,-1.89327433719694
6662fdd2-4512-4fce-84b0-717edcd5f54c/0044/r,26.9677818904154
6662fdd2-4512-4fce-84b0-717edcd5f54c/0044/theta,-8.8947259913727
ee2d1ee9-dd1d-4e63-9881-19205c5dae27/0029/r,13.4538164792524
ee2d1ee9-dd1d-4e63-9881-19205c5dae27/0029/theta,2.17904624190753
6662fdd2-4512-4fce-84b0-717edcd5f54c/0034/r,33
6662fdd2-4512-4fce-84b0-717edcd5f54c/0034/theta,-1.08398343103368
6cc9eaa6-ab67-4102-b088-4ab6efa2af6e/0007/r,33
6cc9eaa6-ab67-4102-b088-4ab6efa2af6e/0007/theta,-1.08398343103368
1d954255-b8d3-42f4-9e47-2cc32c4cb5ce/0004/r,25.6552443711539
1d954255-b8d3-42f4-9e47-2cc32c4cb5ce/0004/theta,-12.1751471111991
87e9e215-a030-476d-ac5f-f1f4d06ac0c9/0020/r,22.3064548251467
87e9e215-a030-476d-ac5f-f1f4d06ac0c9/0020/theta,0.0975824140382101
d441b25e-dd7d-46c2-895d-2510bcbd207d/0061/r,7.34962923210202
d441b25e-dd7d-46c2-895d-2510bcbd207d/0061/theta,-26.3417332185588
21466ee9-c1b6-4699-afcc-84128f8d0b1e/0007/r,19.8687148019395
21466ee9-c1b6-4699-afcc-84128f8d0b1e/0007/theta,3.9389032867625
87e9e215-a030-476d-ac5f-f1f4d06ac0c9/0025/r,33
87e9e215-a030-476d-ac5f-f1f4d06ac0c9/0025/theta,-1.08398343103368
f8b71ebf-da9e-408f-a080-6a972365160b/0039/r,9.71852596212696
f8b71ebf-da9e-408f-a080-6a972365160b/0039/theta,-25.8037115479139
f231aa86-53f9-4ddf-b163-0bb421b5c1b1/0003/r,21.8401227877081
f231aa86-53f9-4ddf-b163-0bb421b5c1b1/0003/theta,-34.21989538402
cfb2daae-611b-4b73-9084-6dbf68c8343d/0011/r,13.1039535234955
cfb2daae-611b-4b73-9084-6dbf68c8343d/0011/theta,-24.6890591312803
4b19b5e5-260b-4fbc-83c2-f24eeacdcc64/0023/r,22.4243421472517
4b19b5e5-260b-4fbc-83c2-f24eeacdcc64/0023/theta,-10.7844115305313
ec1672b2-15ee-4dcb-a6a0-1f524a1977d4/0035/r,33
ec1672b2-15ee-4dcb-a6a0-1f524a1977d4/0035/theta,-1.08398343103368
268e7603-8bb4-4909-ad83-2962513382d4/0040/r,14.4954497836559
268e7603-8bb4-4909-ad83-2962513382d4/0040/theta,16.0752577925552
ec1672b2-15ee-4dcb-a6a0-1f524a1977d4/0015/r,32.557834568154
ec1672b2-15ee-4dcb-a6a0-1f524a1977d4/0015/theta,0.557762067701445
ee2d1ee9-dd1d-4e63-9881-19205c5dae27/0004/r,33
ee2d1ee9-dd1d-4e63-9881-19205c5dae27/0004/theta,-1.08398343103368
c6efa238-f063-407a-9f5c-81bb9983302e/0015/r,33
c6efa238-f063-407a-9f5c-81bb9983302e/0015/theta,-1.08398343103368
75aeccb7-a82d-4013-9962-e9c9039c264d/0024/r,33
75aeccb7-a82d-4013-9962-e9c9039c264d/0024/theta,-1.08398343103368
75aeccb7-a82d-4013-9962-e9c9039c264d/0020/r,27.3231114940495
75aeccb7-a82d-4013-9962-e9c9039c264d/0020/theta,28.5216613552983
ee2d1ee9-dd1d-4e63-9881-19205c5dae27/0069/r,6.56006512278823
ee2d1ee9-dd1d-4e63-9881-19205c5dae27/0069/theta,0.396716904345226
5d07a8d5-1fed-47ef-8bb7-a6074763e09e/0003/r,7.23988372394234
5d07a8d5-1fed-47ef-8bb7-a6074763e09e/0003/theta,1.80972356351863
87e9e215-a030-476d-ac5f-f1f4d06ac0c9/0002/r,23.1034826939575
87e9e215-a030-476d-ac5f-f1f4d06ac0c9/0002/theta,9.49240811158796
030a2430-5503-47c8-87df-8df226c188b2/0075/r,33
030a2430-5503-47c8-87df-8df226c188b2/0075/theta,-1.08398343103368
6662fdd2-4512-4fce-84b0-717edcd5f54c/0045/r,26.7999312714054
6662fdd2-4512-4fce-84b0-717edcd5f54c/0045/theta,-9.10798732340446
e8bd0d0d-7332-4698-a425-05be2697d3a5/0008/r,18.1099391583829
e8bd0d0d-7332-4698-a425-05be2697d3a5/0008/theta,-31.8890671363519
ee2d1ee9-dd1d-4e63-9881-19205c5dae27/0056/r,6.87717373513373
ee2d1ee9-dd1d-4e63-9881-19205c5dae27/0056/theta,-1.21478793151045
6cd404eb-1c36-4bde-b9b1-24b39b2c715f/0005/r,10.384465833588
6cd404eb-1c36-4bde-b9b1-24b39b2c715f/0005/theta,-7.71048426014921
b89ca3c0-b361-43f8-b261-ab7eabe8eabf/0001/r,33
b89ca3c0-b361-43f8-b261-ab7eabe8eabf/0001/theta,-1.08398343103368
0213ada8-e776-4404-9312-c264153c57c1/0019/r,5.83791308498734
0213ada8-e776-4404-9312-c264153c57c1/0019/theta,11.6402010816157
030a2430-5503-47c8-87df-8df226c188b2/0065/r,13.1582608070082
030a2430-5503-47c8-87df-8df226c188b2/0065/theta,5.25875625757728
21466ee9-c1b6-4699-afcc-84128f8d0b1e/0035/r,10.3241751092323
21466ee9-c1b6-4699-afcc-84128f8d0b1e/0035/theta,0.196210389787569
ee2d1ee9-dd1d-4e63-9881-19205c5dae27/0042/r,6.41719468196921
ee2d1ee9-dd1d-4e63-9881-19205c5dae27/0042/theta,-1.7392230098034
6d479b33-7b8d-4ec8-8fdf-6d58127c633b/0001/r,5.90957405099076
6d479b33-7b8d-4ec8-8fdf-6d58127c633b/0001/theta,18.4457940013168
b89ca3c0-b361-43f8-b261-ab7eabe8eabf/0006/r,33
b89ca3c0-b361-43f8-b261-ab7eabe8eabf/0006/theta,-1.08398343103368
5d07a8d5-1fed-47ef-8bb7-a6074763e09e/0010/r,6.49183549613898
5d07a8d5-1fed-47ef-8bb7-a6074763e09e/0010/theta,-0.420319865977928
f14dd492-2b02-43e0-8716-e03e090cbc64/0001/r,25.7935876355984
f14dd492-2b02-43e0-8716-e03e090cbc64/0001/theta,-33.6632388313548
f7641633-c393-4115-9278-0d9b4dbf391b/0041/r,33
f7641633-c393-4115-9278-0d9b4dbf391b/0041/theta,-1.08398343103368
05ccd11f-9082-4273-aefa-f8386f9ac125/0010/r,33
05ccd11f-9082-4273-aefa-f8386f9ac125/0010/theta,-1.08398343103368
87e9e215-a030-476d-ac5f-f1f4d06ac0c9/0054/r,16.2655022291114
87e9e215-a030-476d-ac5f-f1f4d06ac0c9/0054/theta,1.98890785740151
55bfa58c-415e-443e-aaa0-c6716f66f780/0016/r,22.428299099418
55bfa58c-415e-443e-aaa0-c6716f66f780/0016/theta,-19.7139391224054
77d40a22-9c26-4258-a3cc-a92789bd692e/0002/r,15.0296908586168
77d40a22-9c26-4258-a3cc-a92789bd692e/0002/theta,-2.90940243257024e-05
030a2430-5503-47c8-87df-8df226c188b2/0064/r,12.4624968832202
030a2430-5503-47c8-87df-8df226c188b2/0064/theta,4.7818452364603
75aeccb7-a82d-4013-9962-e9c9039c264d/0033/r,4.47577037660225
75aeccb7-a82d-4013-9962-e9c9039c264d/0033/theta,-1.50557661295455
fdf23cc5-6850-4507-996e-3e75cec90b5f/0040/r,14.1875334691106
fdf23cc5-6850-4507-996e-3e75cec90b5f/0040/theta,8.37547879914005
bc97d88d-8c86-4653-86a5-4597485ce018/0013/r,33.8053396484578
bc97d88d-8c86-4653-86a5-4597485ce018/0013/theta,-21.2965329539679
94df467e-76d8-42c3-b45d-dcebf6131998/0020/r,33
94df467e-76d8-42c3-b45d-dcebf6131998/0020/theta,-1.08398343103368
fdf23cc5-6850-4507-996e-3e75cec90b5f/0013/r,33
fdf23cc5-6850-4507-996e-3e75cec90b5f/0013/theta,-1.08398343103368
fdf23cc5-6850-4507-996e-3e75cec90b5f/0028/r,33
fdf23cc5-6850-4507-996e-3e75cec90b5f/0028/theta,-1.08398343103368
87e9e215-a030-476d-ac5f-f1f4d06ac0c9/0034/r,28.3239562681581
87e9e215-a030-476d-ac5f-f1f4d06ac0c9/0034/theta,-22.6823127087469
6cd404eb-1c36-4bde-b9b1-24b39b2c715f/0002/r,4.06670580660889
6cd404eb-1c36-4bde-b9b1-24b39b2c715f/0002/theta,-27.1383380010416
33258271-d00b-47bb-a09a-4db79a4717e0/0009/r,33
33258271-d00b-47bb-a09a-4db79a4717e0/0009/theta,-1.08398343103368
75aeccb7-a82d-4013-9962-e9c9039c264d/0001/r,33
75aeccb7-a82d-4013-9962-e9c9039c264d/0001/theta,-1.08398343103368
4bdadb60-87ad-4a69-92a0-8d99e2fe3a51/0004/r,8.0408144155551
4bdadb60-87ad-4a69-92a0-8d99e2fe3a51/0004/theta,7.99310043502844
aa3e1716-992d-48a6-9b2b-1abef589b301/0020/r,9.71296079907757
aa3e1716-992d-48a6-9b2b-1abef589b301/0020/theta,36.5866839739494
6cc9eaa6-ab67-4102-b088-4ab6efa2af6e/0028/r,33
6cc9eaa6-ab67-4102-b088-4ab6efa2af6e/0028/theta,-1.08398343103368
6cd404eb-1c36-4bde-b9b1-24b39b2c715f/0015/r,33
6cd404eb-1c36-4bde-b9b1-24b39b2c715f/0015/theta,-1.08398343103368
1d954255-b8d3-42f4-9e47-2cc32c4cb5ce/0026/r,20.1081901985626
1d954255-b8d3-42f4-9e47-2cc32c4cb5ce/0026/theta,36.5834484152091
77d40a22-9c26-4258-a3cc-a92789bd692e/0001/r,15.3261972809776
77d40a22-9c26-4258-a3cc-a92789bd692e/0001/theta,2.35542658303955
05ccd11f-9082-4273-aefa-f8386f9ac125/0036/r,33
05ccd11f-9082-4273-aefa-f8386f9ac125/0036/theta,-1.08398343103368
87e9e215-a030-476d-ac5f-f1f4d06ac0c9/0037/r,33
87e9e215-a030-476d-ac5f-f1f4d06ac0c9/0037/theta,-1.08398343103368
6662fdd2-4512-4fce-84b0-717edcd5f54c/0046/r,26.8748644731572
6662fdd2-4512-4fce-84b0-717edcd5f54c/0046/theta,-9.10059143579116
fdf23cc5-6850-4507-996e-3e75cec90b5f/0030/r,15.0092242467614
fdf23cc5-6850-4507-996e-3e75cec90b5f/0030/theta,-15.8236117760953
ec1672b2-15ee-4dcb-a6a0-1f524a1977d4/0004/r,33
ec1672b2-15ee-4dcb-a6a0-1f524a1977d4/0004/theta,-1.08398343103368
f8e9737c-639e-433f-8f28-2d7660d63181/0033/r,29.6294453676063
f8e9737c-639e-433f-8f28-2d7660d63181/0033/theta,1.37558277352522
6662fdd2-4512-4fce-84b0-717edcd5f54c/0043/r,43.815726211204
6662fdd2-4512-4fce-84b0-717edcd5f54c/0043/theta,-5.63762351767164
ec1672b2-15ee-4dcb-a6a0-1f524a1977d4/0028/r,15.1879976743799
ec1672b2-15ee-4dcb-a6a0-1f524a1977d4/0028/theta,3.75063565486144
9777f121-d32a-4eba-ad84-7b1b579d9f32/0030/r,33
9777f121-d32a-4eba-ad84-7b1b579d9f32/0030/theta,-1.08398343103368
8cfc1ad6-6b03-40bc-8f6e-4215a6741bc3/0011/r,33
8cfc1ad6-6b03-40bc-8f6e-4215a6741bc3/0011/theta,-1.08398343103368
0382f411-9b8a-47dc-bd88-eac8245a28ee/0025/r,12.5492975949531
0382f411-9b8a-47dc-bd88-eac8245a28ee/0025/theta,5.23031116866735
2b0b4d7d-2d10-46c6-b81d-6a7ec08ad6a9/0017/r,33
2b0b4d7d-2d10-46c6-b81d-6a7ec08ad6a9/0017/theta,-1.08398343103368
f7641633-c393-4115-9278-0d9b4dbf391b/0046/r,23.0849544649987
f7641633-c393-4115-9278-0d9b4dbf391b/0046/theta,38.467498725654
bc97d88d-8c86-4653-86a5-4597485ce018/0002/r,33
bc97d88d-8c86-4653-86a5-4597485ce018/0002/theta,-1.08398343103368
030a2430-5503-47c8-87df-8df226c188b2/0053/r,12.5314546760416
030a2430-5503-47c8-87df-8df226c188b2/0053/theta,2.38370432932512
33258271-d00b-47bb-a09a-4db79a4717e0/0022/r,32.8235390123105
33258271-d00b-47bb-a09a-4db79a4717e0/0022/theta,-9.48441314819278
ee2d1ee9-dd1d-4e63-9881-19205c5dae27/0005/r,16.8973482784782
ee2d1ee9-dd1d-4e63-9881-19205c5dae27/0005/theta,-21.0832841962246
ec1672b2-15ee-4dcb-a6a0-1f524a1977d4/0022/r,27.1112432850955
ec1672b2-15ee-4dcb-a6a0-1f524a1977d4/0022/theta,-8.20286979015543
0213ada8-e776-4404-9312-c264153c57c1/0025/r,33
0213ada8-e776-4404-9312-c264153c57c1/0025/theta,-1.08398343103368
77d40a22-9c26-4258-a3cc-a92789bd692e/0039/r,22.8874825640938
77d40a22-9c26-4258-a3cc-a92789bd692e/0039/theta,-20.7551016094038
4b19b5e5-260b-4fbc-83c2-f24eeacdcc64/0006/r,20.5593765285827
4b19b5e5-260b-4fbc-83c2-f24eeacdcc64/0006/theta,-18.3215726066166
8cfc1ad6-6b03-40bc-8f6e-4215a6741bc3/0022/r,6.05582084196846
8cfc1ad6-6b03-40bc-8f6e-4215a6741bc3/0022/theta,-2.27701970883092
6662fdd2-4512-4fce-84b0-717edcd5f54c/0001/r,33
6662fdd2-4512-4fce-84b0-717edcd5f54c/0001/theta,-1.08398343103368
ee2d1ee9-dd1d-4e63-9881-19205c5dae27/0006/r,25.5254686537788
ee2d1ee9-dd1d-4e63-9881-19205c5dae27/0006/theta,-12.9247748946569
0382f411-9b8a-47dc-bd88-eac8245a28ee/0034/r,33
0382f411-9b8a-47dc-bd88-eac8245a28ee/0034/theta,-1.08398343103368
1d954255-b8d3-42f4-9e47-2cc32c4cb5ce/0002/r,22.3171733443955
1d954255-b8d3-42f4-9e47-2cc32c4cb5ce/0002/theta,0.203327721165774
cfb2daae-611b-4b73-9084-6dbf68c8343d/0003/r,33
cfb2daae-611b-4b73-9084-6dbf68c8343d/0003/theta,-1.08398343103368
ee2d1ee9-dd1d-4e63-9881-19205c5dae27/0070/r,6.22443405638155
ee2d1ee9-dd1d-4e63-9881-19205c5dae27/0070/theta,-0.803887108238054
c6efa238-f063-407a-9f5c-81bb9983302e/0005/r,33
c6efa238-f063-407a-9f5c-81bb9983302e/0005/theta,-1.08398343103368
030a2430-5503-47c8-87df-8df226c188b2/0073/r,14.8804720876994
030a2430-5503-47c8-87df-8df226c188b2/0073/theta,0.393063789506196
9777f121-d32a-4eba-ad84-7b1b579d9f32/0024/r,42.6367652932276
9777f121-d32a-4eba-ad84-7b1b579d9f32/0024/theta,-5.15814057018563
55bfa58c-415e-443e-aaa0-c6716f66f780/0055/r,27.6646523229904
55bfa58c-415e-443e-aaa0-c6716f66f780/0055/theta,-7.07522791202043
33258271-d00b-47bb-a09a-4db79a4717e0/0007/r,24.0099693797121
33258271-d00b-47bb-a09a-4db79a4717e0/0007/theta,16.0407132844474
75aeccb7-a82d-4013-9962-e9c9039c264d/0032/r,7.37951817748931
75aeccb7-a82d-4013-9962-e9c9039c264d/0032/theta,9.79554446607109
f8e9737c-639e-433f-8f28-2d7660d63181/0023/r,33
f8e9737c-639e-433f-8f28-2d7660d63181/0023/theta,-1.08398343103368
d441b25e-dd7d-46c2-895d-2510bcbd207d/0029/r,33
d441b25e-dd7d-46c2-895d-2510bcbd207d/0029/theta,-1.08398343103368
2b0b4d7d-2d10-46c6-b81d-6a7ec08ad6a9/0013/r,33
2b0b4d7d-2d10-46c6-b81d-6a7ec08ad6a9/0013/theta,-1.08398343103368
55bfa58c-415e-443e-aaa0-c6716f66f780/0008/r,27.4427963300505
55bfa58c-415e-443e-aaa0-c6716f66f780/0008/theta,-34.8974309257509
030a2430-5503-47c8-87df-8df226c188b2/0032/r,32.7734710155085
030a2430-5503-47c8-87df-8df226c188b2/0032/theta,-10.6251170247291
ee2d1ee9-dd1d-4e63-9881-19205c5dae27/0053/r,6.39385536733025
ee2d1ee9-dd1d-4e63-9881-19205c5dae27/0053/theta,0.787737878903928
6cc9eaa6-ab67-4102-b088-4ab6efa2af6e/0006/r,33
6cc9eaa6-ab67-4102-b088-4ab6efa2af6e/0006/theta,-1.08398343103368
eccfbc47-1e2f-4754-9fa7-4f56903cd13d/0032/r,33
eccfbc47-1e2f-4754-9fa7-4f56903cd13d/0032/theta,-1.08398343103368
030a2430-5503-47c8-87df-8df226c188b2/0076/r,9.46135679021894
030a2430-5503-47c8-87df-8df226c188b2/0076/theta,2.18251225932908
0382f411-9b8a-47dc-bd88-eac8245a28ee/0024/r,19.357840675341
0382f411-9b8a-47dc-bd88-eac8245a28ee/0024/theta,9.14606896067898
9777f121-d32a-4eba-ad84-7b1b579d9f32/0010/r,10.5407892003433
9777f121-d32a-4eba-ad84-7b1b579d9f32/0010/theta,-35.8340982194767
0382f411-9b8a-47dc-bd88-eac8245a28ee/0060/r,33
0382f411-9b8a-47dc-bd88-eac8245a28ee/0060/theta,-1.08398343103368
58e8bf48-c131-42fb-b5f6-f63e6dc09483/0005/r,7.63210775239302
58e8bf48-c131-42fb-b5f6-f63e6dc09483/0005/theta,-31.4176117357398
aa3e1716-992d-48a6-9b2b-1abef589b301/0012/r,33
aa3e1716-992d-48a6-9b2b-1abef589b301/0012/theta,-1.08398343103368
fdf23cc5-6850-4507-996e-3e75cec90b5f/0018/r,23.054191647322
fdf23cc5-6850-4507-996e-3e75cec90b5f/0018/theta,22.030214563066
6662fdd2-4512-4fce-84b0-717edcd5f54c/0004/r,29.6715845248351
6662fdd2-4512-4fce-84b0-717edcd5f54c/0004/theta,-12.206781368533
d441b25e-dd7d-46c2-895d-2510bcbd207d/0024/r,29.8773864389659
d441b25e-dd7d-46c2-895d-2510bcbd207d/0024/theta,30.0345876434833
0382f411-9b8a-47dc-bd88-eac8245a28ee/0027/r,15.5762747249293
0382f411-9b8a-47dc-bd88-eac8245a28ee/0027/theta,-24.9407222648117
c6efa238-f063-407a-9f5c-81bb9983302e/0010/r,33
c6efa238-f063-407a-9f5c-81bb9983302e/0010/theta,-1.08398343103368
c8f59cc1-94da-4419-9946-8b1e4a42bbcd/0009/r,33
c8f59cc1-94da-4419-9946-8b1e4a42bbcd/0009/theta,-1.08398343103368
55bfa58c-415e-443e-aaa0-c6716f66f780/0037/r,33
55bfa58c-415e-443e-aaa0-c6716f66f780/0037/theta,-1.08398343103368
4bdadb60-87ad-4a69-92a0-8d99e2fe3a51/0013/r,10.1219796853213
4bdadb60-87ad-4a69-92a0-8d99e2fe3a51/0013/theta,7.37967790357529
eccfbc47-1e2f-4754-9fa7-4f56903cd13d/0040/r,17.194386412827
eccfbc47-1e2f-4754-9fa7-4f56903cd13d/0040/theta,-7.18072411930302
0213ada8-e776-4404-9312-c264153c57c1/0018/r,9.53122184026711
0213ada8-e776-4404-9312-c264153c57c1/0018/theta,8.60387882244256
ee2d1ee9-dd1d-4e63-9881-19205c5dae27/0037/r,5.72039042531403
ee2d1ee9-dd1d-4e63-9881-19205c5dae27/0037/theta,1.98787081136915
4b19b5e5-260b-4fbc-83c2-f24eeacdcc64/0014/r,33
4b19b5e5-260b-4fbc-83c2-f24eeacdcc64/0014/theta,-1.08398343103368
c6efa238-f063-407a-9f5c-81bb9983302e/0014/r,33
c6efa238-f063-407a-9f5c-81bb9983302e/0014/theta,-1.08398343103368
55bfa58c-415e-443e-aaa0-c6716f66f780/0012/r,33
55bfa58c-415e-443e-aaa0-c6716f66f780/0012/theta,-1.08398343103368
f8b71ebf-da9e-408f-a080-6a972365160b/0010/r,10.4624005097345
f8b71ebf-da9e-408f-a080-6a972365160b/0010/theta,35.4762923081664
6662fdd2-4512-4fce-84b0-717edcd5f54c/0048/r,16.366460051204
6662fdd2-4512-4fce-84b0-717edcd5f54c/0048/theta,-18.319040988024
0382f411-9b8a-47dc-bd88-eac8245a28ee/0039/r,22.7040372536183
0382f411-9b8a-47dc-bd88-eac8245a28ee/0039/theta,25.2881946238793
2b0b4d7d-2d10-46c6-b81d-6a7ec08ad6a9/0024/r,24.2658659939769
2b0b4d7d-2d10-46c6-b81d-6a7ec08ad6a9/0024/theta,30.4310652561584
f14dd492-2b02-43e0-8716-e03e090cbc64/0006/r,33
f14dd492-2b02-43e0-8716-e03e090cbc64/0006/theta,-1.08398343103368
58e8bf48-c131-42fb-b5f6-f63e6dc09483/0004/r,8.24349942531541
58e8bf48-c131-42fb-b5f6-f63e6dc09483/0004/theta,-29.6751812885502
21466ee9-c1b6-4699-afcc-84128f8d0b1e/0017/r,20.5392902592337
21466ee9-c1b6-4699-afcc-84128f8d0b1e/0017/theta,2.35704766844368
4b19b5e5-260b-4fbc-83c2-f24eeacdcc64/0013/r,11.4889555874403
4b19b5e5-260b-4fbc-83c2-f24eeacdcc64/0013/theta,-30.2539233087393
a7300ae2-80c6-4a3f-ab9c-9f88f5299b67/0012/r,22.8147456520821
a7300ae2-80c6-4a3f-ab9c-9f88f5299b67/0012/theta,25.9816929344573
6cc9eaa6-ab67-4102-b088-4ab6efa2af6e/0019/r,33
6cc9eaa6-ab67-4102-b088-4ab6efa2af6e/0019/theta,-1.08398343103368
87e9e215-a030-476d-ac5f-f1f4d06ac0c9/0023/r,33
87e9e215-a030-476d-ac5f-f1f4d06ac0c9/0023/theta,-1.08398343103368
6cd404eb-1c36-4bde-b9b1-24b39b2c715f/0021/r,33
6cd404eb-1c36-4bde-b9b1-24b39b2c715f/0021/theta,-1.08398343103368
bc97d88d-8c86-4653-86a5-4597485ce018/0018/r,33
bc97d88d-8c86-4653-86a5-4597485ce018/0018/theta,-1.08398343103368
05ccd11f-9082-4273-aefa-f8386f9ac125/0039/r,25.1062991554231
05ccd11f-9082-4273-aefa-f8386f9ac125/0039/theta,-11.5720649267608
77d40a22-9c26-4258-a3cc-a92789bd692e/0003/r,12.1573292547895
77d40a22-9c26-4258-a3cc-a92789bd692e/0003/theta,-5.31493852792417
f7641633-c393-4115-9278-0d9b4dbf391b/0024/r,33
f7641633-c393-4115-9278-0d9b4dbf391b/0024/theta,-1.08398343103368
0213ada8-e776-4404-9312-c264153c57c1/0022/r,33
0213ada8-e776-4404-9312-c264153c57c1/0022/theta,-1.08398343103368
77d40a22-9c26-4258-a3cc-a92789bd692e/0034/r,29.1538840633032
77d40a22-9c26-4258-a3cc-a92789bd692e/0034/theta,-15.8195808073555
a7300ae2-80c6-4a3f-ab9c-9f88f5299b67/0011/r,12.0947165428629
a7300ae2-80c6-4a3f-ab9c-9f88f5299b67/0011/theta,-18.8759374382146
6662fdd2-4512-4fce-84b0-717edcd5f54c/0016/r,26.3111400797632
6662fdd2-4512-4fce-84b0-717edcd5f54c/0016/theta,-9.52880912985747
f7641633-c393-4115-9278-0d9b4dbf391b/0002/r,16.3994974549772
f7641633-c393-4115-9278-0d9b4dbf391b/0002/theta,-9.16054946827182
ec1672b2-15ee-4dcb-a6a0-1f524a1977d4/0003/r,33
ec1672b2-15ee-4dcb-a6a0-1f524a1977d4/0003/theta,-1.08398343103368
75aeccb7-a82d-4013-9962-e9c9039c264d/0012/r,8.39787982240936
75aeccb7-a82d-4013-9962-e9c9039c264d/0012/theta,-21.3393611138144
f231aa86-53f9-4ddf-b163-0bb421b5c1b1/0027/r,10.5052377953275
f231aa86-53f9-4ddf-b163-0bb421b5c1b1/0027/theta,-26.3693924533518
1d954255-b8d3-42f4-9e47-2cc32c4cb5ce/0007/r,33
1d954255-b8d3-42f4-9e47-2cc32c4cb5ce/0007/theta,-1.08398343103368
0213ada8-e776-4404-9312-c264153c57c1/0050/r,10.8907422698965
0213ada8-e776-4404-9312-c264153c57c1/0050/theta,-8.78124585013245
0382f411-9b8a-47dc-bd88-eac8245a28ee/0038/r,33
0382f411-9b8a-47dc-bd88-eac8245a28ee/0038/theta,-1.08398343103368
55bfa58c-415e-443e-aaa0-c6716f66f780/0048/r,33
55bfa58c-415e-443e-aaa0-c6716f66f780/0048/theta,-1.08398343103368
4b19b5e5-260b-4fbc-83c2-f24eeacdcc64/0012/r,20.4858596164221
4b19b5e5-260b-4fbc-83c2-f24eeacdcc64/0012/theta,-20.923172194482
2b0b4d7d-2d10-46c6-b81d-6a7ec08ad6a9/0004/r,33
2b0b4d7d-2d10-46c6-b81d-6a7ec08ad6a9/0004/theta,-1.08398343103368
561f3498-8181-4eca-bfda-5f3d61ba76ef/0021/r,17.952233889695
561f3498-8181-4eca-bfda-5f3d61ba76ef/0021/theta,15.9201547352112
6cc9eaa6-ab67-4102-b088-4ab6efa2af6e/0005/r,14.1535626581111
6cc9eaa6-ab67-4102-b088-4ab6efa2af6e/0005/theta,3.10842233182854
59f19071-a9b1-4de8-b7fd-2a862d2ae674/0005/r,33
59f19071-a9b1-4de8-b7fd-2a862d2ae674/0005/theta,-1.08398343103368
fdf23cc5-6850-4507-996e-3e75cec90b5f/0007/r,12.8798646643724
fdf23cc5-6850-4507-996e-3e75cec90b5f/0007/theta,-6.99129475260837e-05
43125b79-258a-42c8-8572-fcad85e3c3be/0017/r,33
43125b79-258a-42c8-8572-fcad85e3c3be/0017/theta,-1.08398343103368
c6efa238-f063-407a-9f5c-81bb9983302e/0000/r,9.07710833368638
c6efa238-f063-407a-9f5c-81bb9983302e/0000/theta,-31.1806264500273
c8f59cc1-94da-4419-9946-8b1e4a42bbcd/0002/r,33
c8f59cc1-94da-4419-9946-8b1e4a42bbcd/0002/theta,-1.08398343103368
f7641633-c393-4115-9278-0d9b4dbf391b/0042/r,18.6236013731306
f7641633-c393-4115-9278-0d9b4dbf391b/0042/theta,34.036168937521
0213ada8-e776-4404-9312-c264153c57c1/0016/r,10.7168869146198
0213ada8-e776-4404-9312-c264153c57c1/0016/theta,5.9309820967439
9777f121-d32a-4eba-ad84-7b1b579d9f32/0009/r,27.3272499724462
9777f121-d32a-4eba-ad84-7b1b579d9f32/0009/theta,-5.96041144203477
21466ee9-c1b6-4699-afcc-84128f8d0b1e/0010/r,5.94392302494908
21466ee9-c1b6-4699-afcc-84128f8d0b1e/0010/theta,17.9661963109438
94df467e-76d8-42c3-b45d-dcebf6131998/0023/r,15.7150226363532
94df467e-76d8-42c3-b45d-dcebf6131998/0023/theta,18.4442170853184
55bfa58c-415e-443e-aaa0-c6716f66f780/0033/r,32.7798460353216
55bfa58c-415e-443e-aaa0-c6716f66f780/0033/theta,-26.0082820089903
f8b71ebf-da9e-408f-a080-6a972365160b/0000/r,8.79287530781788
f8b71ebf-da9e-408f-a080-6a972365160b/0000/theta,34.1467596406231
87e9e215-a030-476d-ac5f-f1f4d06ac0c9/0012/r,23.0877202925633
87e9e215-a030-476d-ac5f-f1f4d06ac0c9/0012/theta,-28.4789338387972
bc97d88d-8c86-4653-86a5-4597485ce018/0006/r,33
bc97d88d-8c86-4653-86a5-4597485ce018/0006/theta,-1.08398343103368
eccfbc47-1e2f-4754-9fa7-4f56903cd13d/0017/r,27.5072920487062
eccfbc47-1e2f-4754-9fa7-4f56903cd13d/0017/theta,-13.2005761577712
f8e9737c-639e-433f-8f28-2d7660d63181/0045/r,15.0301717588397
f8e9737c-639e-433f-8f28-2d7660d63181/0045/theta,-0.787287653143815
05ccd11f-9082-4273-aefa-f8386f9ac125/0040/r,22.7574869279652
05ccd11f-9082-4273-aefa-f8386f9ac125/0040/theta,-17.559887339087
87e9e215-a030-476d-ac5f-f1f4d06ac0c9/0022/r,5.46476141332252
87e9e215-a030-476d-ac5f-f1f4d06ac0c9/0022/theta,-34.5646344167517
4b19b5e5-260b-4fbc-83c2-f24eeacdcc64/0001/r,33
4b19b5e5-260b-4fbc-83c2-f24eeacdcc64/0001/theta,-1.08398343103368
9d602547-bdf8-45e3-9b16-81c6fe9338e4/0001/r,22.2240138076538
9d602547-bdf8-45e3-9b16-81c6fe9338e4/0001/theta,-9.40956021161348
5d07a8d5-1fed-47ef-8bb7-a6074763e09e/0018/r,16.4170105849946
5d07a8d5-1fed-47ef-8bb7-a6074763e09e/0018/theta,-18.6722221389062
94835623-ca6c-4ac4-82d4-0e63c1b7c16a/0021/r,6.70081148206187
94835623-ca6c-4ac4-82d4-0e63c1b7c16a/0021/theta,1.61285571687473
030a2430-5503-47c8-87df-8df226c188b2/0014/r,8.16671850781475
030a2430-5503-47c8-87df-8df226c188b2/0014/theta,32.1624693108267
75aeccb7-a82d-4013-9962-e9c9039c264d/0031/r,11.4064430386372
75aeccb7-a82d-4013-9962-e9c9039c264d/0031/theta,5.34857042911269
f8b71ebf-da9e-408f-a080-6a972365160b/0004/r,21.4883739478418
f8b71ebf-da9e-408f-a080-6a972365160b/0004/theta,0.505600303313888
c6efa238-f063-407a-9f5c-81bb9983302e/0009/r,33
c6efa238-f063-407a-9f5c-81bb9983302e/0009/theta,-1.08398343103368
55bfa58c-415e-443e-aaa0-c6716f66f780/0020/r,18.0087988942813
55bfa58c-415e-443e-aaa0-c6716f66f780/0020/theta,-13.5492293770924
75aeccb7-a82d-4013-9962-e9c9039c264d/0023/r,30.1713830071978
75aeccb7-a82d-4013-9962-e9c9039c264d/0023/theta,19.9689870597411
030a2430-5503-47c8-87df-8df226c188b2/0070/r,19.8001930447485
030a2430-5503-47c8-87df-8df226c188b2/0070/theta,-0.608449661443923
030a2430-5503-47c8-87df-8df226c188b2/0017/r,33
030a2430-5503-47c8-87df-8df226c188b2/0017/theta,-1.08398343103368
eccfbc47-1e2f-4754-9fa7-4f56903cd13d/0015/r,8.59750127940714
eccfbc47-1e2f-4754-9fa7-4f56903cd13d/0015/theta,-28.8052587547743
0382f411-9b8a-47dc-bd88-eac8245a28ee/0021/r,33
0382f411-9b8a-47dc-bd88-eac8245a28ee/0021/theta,-1.08398343103368
030a2430-5503-47c8-87df-8df226c188b2/0069/r,14.0663342761646
030a2430-5503-47c8-87df-8df226c188b2/0069/theta,0.254248026511649
55bfa58c-415e-443e-aaa0-c6716f66f780/0022/r,7.57606125012096
55bfa58c-415e-443e-aaa0-c6716f66f780/0022/theta,-30.5682888614353
030a2430-5503-47c8-87df-8df226c188b2/0068/r,12.3392936400649
030a2430-5503-47c8-87df-8df226c188b2/0068/theta,-0.804440269226001
030a2430-5503-47c8-87df-8df226c188b2/0055/r,12.4304781071854
030a2430-5503-47c8-87df-8df226c188b2/0055/theta,1.39497168171015
f7641633-c393-4115-9278-0d9b4dbf391b/0025/r,47.1353627410048
f7641633-c393-4115-9278-0d9b4dbf391b/0025/theta,34.6415927954572
05ccd11f-9082-4273-aefa-f8386f9ac125/0012/r,33
05ccd11f-9082-4273-aefa-f8386f9ac125/0012/theta,-1.08398343103368
ec1672b2-15ee-4dcb-a6a0-1f524a1977d4/0032/r,43.4836552536599
ec1672b2-15ee-4dcb-a6a0-1f524a1977d4/0032/theta,2.30908309218146
87e9e215-a030-476d-ac5f-f1f4d06ac0c9/0061/r,10.7380178362229
87e9e215-a030-476d-ac5f-f1f4d06ac0c9/0061/theta,5.41369997291711
0382f411-9b8a-47dc-bd88-eac8245a28ee/0032/r,33
0382f411-9b8a-47dc-bd88-eac8245a28ee/0032/theta,-1.08398343103368
f8b71ebf-da9e-408f-a080-6a972365160b/0005/r,8.88094867967113
f8b71ebf-da9e-408f-a080-6a972365160b/0005/theta,-31.3194847734093
94df467e-76d8-42c3-b45d-dcebf6131998/0000/r,4.32610932287438
94df467e-76d8-42c3-b45d-dcebf6131998/0000/theta,-3.55134901748242
21466ee9-c1b6-4699-afcc-84128f8d0b1e/0024/r,20.5707315158569
21466ee9-c1b6-4699-afcc-84128f8d0b1e/0024/theta,2.90998657100323
d441b25e-dd7d-46c2-895d-2510bcbd207d/0002/r,4.3327883147301
d441b25e-dd7d-46c2-895d-2510bcbd207d/0002/theta,5.88474840802686
87e9e215-a030-476d-ac5f-f1f4d06ac0c9/0047/r,20.1170840332236
87e9e215-a030-476d-ac5f-f1f4d06ac0c9/0047/theta,3.18018765792518
f7641633-c393-4115-9278-0d9b4dbf391b/0022/r,33
f7641633-c393-4115-9278-0d9b4dbf391b/0022/theta,-1.08398343103368
5d07a8d5-1fed-47ef-8bb7-a6074763e09e/0033/r,33
5d07a8d5-1fed-47ef-8bb7-a6074763e09e/0033/theta,-1.08398343103368
8cfc1ad6-6b03-40bc-8f6e-4215a6741bc3/0006/r,23.2107923933342
8cfc1ad6-6b03-40bc-8f6e-4215a6741bc3/0006/theta,12.506952807478
6662fdd2-4512-4fce-84b0-717edcd5f54c/0056/r,21.6821546749088
6662fdd2-4512-4fce-84b0-717edcd5f54c/0056/theta,37.2645530097716
b89ca3c0-b361-43f8-b261-ab7eabe8eabf/0023/r,41.9044646106246
b89ca3c0-b361-43f8-b261-ab7eabe8eabf/0023/theta,-34.5999470231857
561f3498-8181-4eca-bfda-5f3d61ba76ef/0010/r,13.2256357862741
561f3498-8181-4eca-bfda-5f3d61ba76ef/0010/theta,-19.4816829391825
cfb2daae-611b-4b73-9084-6dbf68c8343d/0010/r,11.9296323626181
cfb2daae-611b-4b73-9084-6dbf68c8343d/0010/theta,-29.451145478368
bc97d88d-8c86-4653-86a5-4597485ce018/0007/r,33
bc97d88d-8c86-4653-86a5-4597485ce018/0007/theta,-1.08398343103368
55bfa58c-415e-443e-aaa0-c6716f66f780/0044/r,17.2646142429888
55bfa58c-415e-443e-aaa0-c6716f66f780/0044/theta,-7.77238864857699
ee2d1ee9-dd1d-4e63-9881-19205c5dae27/0030/r,7.46780741728437
ee2d1ee9-dd1d-4e63-9881-19205c5dae27/0030/theta,4.02170445744454
05ccd11f-9082-4273-aefa-f8386f9ac125/0041/r,20.3533285776095
05ccd11f-9082-4273-aefa-f8386f9ac125/0041/theta,-11.9245060302534
58e8bf48-c131-42fb-b5f6-f63e6dc09483/0011/r,33
58e8bf48-c131-42fb-b5f6-f63e6dc09483/0011/theta,-1.08398343103368
aa3e1716-992d-48a6-9b2b-1abef589b301/0023/r,22.5972621160732
aa3e1716-992d-48a6-9b2b-1abef589b301/0023/theta,29.2492556457868
f8b71ebf-da9e-408f-a080-6a972365160b/0032/r,4.34175426669051
f8b71ebf-da9e-408f-a080-6a972365160b/0032/theta,14.3184696368384
6662fdd2-4512-4fce-84b0-717edcd5f54c/0057/r,21.6882788827143
6662fdd2-4512-4fce-84b0-717edcd5f54c/0057/theta,37.2561676363886
a7300ae2-80c6-4a3f-ab9c-9f88f5299b67/0013/r,33
a7300ae2-80c6-4a3f-ab9c-9f88f5299b67/0013/theta,-1.08398343103368
55bfa58c-415e-443e-aaa0-c6716f66f780/0018/r,18.5799803862265
55bfa58c-415e-443e-aaa0-c6716f66f780/0018/theta,34.1618141535697
6662fdd2-4512-4fce-84b0-717edcd5f54c/0007/r,29.9521219007227
6662fdd2-4512-4fce-84b0-717edcd5f54c/0007/theta,-12.4405139983553
94df467e-76d8-42c3-b45d-dcebf6131998/0014/r,7.10486643897589
94df467e-76d8-42c3-b45d-dcebf6131998/0014/theta,-5.37322223872432
55bfa58c-415e-443e-aaa0-c6716f66f780/0031/r,10.0505816609687
55bfa58c-415e-443e-aaa0-c6716f66f780/0031/theta,-31.3696395825111
0213ada8-e776-4404-9312-c264153c57c1/0021/r,33
0213ada8-e776-4404-9312-c264153c57c1/0021/theta,-1.08398343103368
f8b71ebf-da9e-408f-a080-6a972365160b/0016/r,16.5774315843367
f8b71ebf-da9e-408f-a080-6a972365160b/0016/theta,26.9315103640621
87e9e215-a030-476d-ac5f-f1f4d06ac0c9/0064/r,10.5125438335585
87e9e215-a030-476d-ac5f-f1f4d06ac0c9/0064/theta,2.05167056142058
fdf23cc5-6850-4507-996e-3e75cec90b5f/0024/r,33
fdf23cc5-6850-4507-996e-3e75cec90b5f/0024/theta,-1.08398343103368
2b0b4d7d-2d10-46c6-b81d-6a7ec08ad6a9/0021/r,27.7077776840521
2b0b4d7d-2d10-46c6-b81d-6a7ec08ad6a9/0021/theta,29.0698475586812
7363cba9-9fbb-4fd2-8c07-e46bed2e1f33/0016/r,8.58336379401259
7363cba9-9fbb-4fd2-8c07-e46bed2e1f33/0016/theta,5.58510163969384
fdf23cc5-6850-4507-996e-3e75cec90b5f/0038/r,33
fdf23cc5-6850-4507-996e-3e75cec90b5f/0038/theta,-1.08398343103368
6d479b33-7b8d-4ec8-8fdf-6d58127c633b/0008/r,33
6d479b33-7b8d-4ec8-8fdf-6d58127c633b/0008/theta,-1.08398343103368
f231aa86-53f9-4ddf-b163-0bb421b5c1b1/0006/r,18.105702502588
f231aa86-53f9-4ddf-b163-0bb421b5c1b1/0006/theta,-0.844480145500016
5d07a8d5-1fed-47ef-8bb7-a6074763e09e/0002/r,7.92956892412563
5d07a8d5-1fed-47ef-8bb7-a6074763e09e/0002/theta,2.76146328426538
6cd404eb-1c36-4bde-b9b1-24b39b2c715f/0008/r,33
6cd404eb-1c36-4bde-b9b1-24b39b2c715f/0008/theta,-1.08398343103368
21466ee9-c1b6-4699-afcc-84128f8d0b1e/0037/r,9.68361031564104
21466ee9-c1b6-4699-afcc-84128f8d0b1e/0037/theta,11.6899646614764
ee2d1ee9-dd1d-4e63-9881-19205c5dae27/0043/r,5.99535078166817
ee2d1ee9-dd1d-4e63-9881-19205c5dae27/0043/theta,-1.84107962091891e-05
6cc9eaa6-ab67-4102-b088-4ab6efa2af6e/0043/r,33
6cc9eaa6-ab67-4102-b088-4ab6efa2af6e/0043/theta,-1.08398343103368
77d40a22-9c26-4258-a3cc-a92789bd692e/0027/r,26.5849179788207
77d40a22-9c26-4258-a3cc-a92789bd692e/0027/theta,-20.2681549314418
eccfbc47-1e2f-4754-9fa7-4f56903cd13d/0041/r,33
eccfbc47-1e2f-4754-9fa7-4f56903cd13d/0041/theta,-1.08398343103368
aa3e1716-992d-48a6-9b2b-1abef589b301/0028/r,36.1189688827312
aa3e1716-992d-48a6-9b2b-1abef589b301/0028/theta,-35.4221011507545
eccfbc47-1e2f-4754-9fa7-4f56903cd13d/0028/r,17.4915436888043
eccfbc47-1e2f-4754-9fa7-4f56903cd13d/0028/theta,-16.7661482076339
fdf23cc5-6850-4507-996e-3e75cec90b5f/0026/r,7.44586099845447
fdf23cc5-6850-4507-996e-3e75cec90b5f/0026/theta,-28.9161278167461
ee2d1ee9-dd1d-4e63-9881-19205c5dae27/0065/r,6.94552019402375
ee2d1ee9-dd1d-4e63-9881-19205c5dae27/0065/theta,0.199991605423864
33258271-d00b-47bb-a09a-4db79a4717e0/0025/r,30.2237101301262
33258271-d00b-47bb-a09a-4db79a4717e0/0025/theta,-11.360083647166
6cc9eaa6-ab67-4102-b088-4ab6efa2af6e/0002/r,14.6136631663625
6cc9eaa6-ab67-4102-b088-4ab6efa2af6e/0002/theta,33.4533262802729
6cc9eaa6-ab67-4102-b088-4ab6efa2af6e/0012/r,33
6cc9eaa6-ab67-4102-b088-4ab6efa2af6e/0012/theta,-1.08398343103368
f8b71ebf-da9e-408f-a080-6a972365160b/0030/r,6.42216599000233
f8b71ebf-da9e-408f-a080-6a972365160b/0030/theta,-2.39464690755636
21466ee9-c1b6-4699-afcc-84128f8d0b1e/0003/r,33
21466ee9-c1b6-4699-afcc-84128f8d0b1e/0003/theta,-1.08398343103368
6662fdd2-4512-4fce-84b0-717edcd5f54c/0031/r,26.9120370969182
6662fdd2-4512-4fce-84b0-717edcd5f54c/0031/theta,-5.28831420835778
43125b79-258a-42c8-8572-fcad85e3c3be/0003/r,36.7962946291276
43125b79-258a-42c8-8572-fcad85e3c3be/0003/theta,-24.6452875815182
f8b71ebf-da9e-408f-a080-6a972365160b/0012/r,11.7199777399829
f8b71ebf-da9e-408f-a080-6a972365160b/0012/theta,35.2847337425405
ee2d1ee9-dd1d-4e63-9881-19205c5dae27/0078/r,6.55441110447254
ee2d1ee9-dd1d-4e63-9881-19205c5dae27/0078/theta,3.59596935649907
59f19071-a9b1-4de8-b7fd-2a862d2ae674/0011/r,33
59f19071-a9b1-4de8-b7fd-2a862d2ae674/0011/theta,-1.08398343103368
ee2d1ee9-dd1d-4e63-9881-19205c5dae27/0059/r,7.04997180028497
ee2d1ee9-dd1d-4e63-9881-19205c5dae27/0059/theta,1.01356588093714
21466ee9-c1b6-4699-afcc-84128f8d0b1e/0034/r,23.4397665433863
21466ee9-c1b6-4699-afcc-84128f8d0b1e/0034/theta,1.77729217517468
0213ada8-e776-4404-9312-c264153c57c1/0044/r,29.9592429619367
0213ada8-e776-4404-9312-c264153c57c1/0044/theta,-33.3981307701351
4bdadb60-87ad-4a69-92a0-8d99e2fe3a51/0005/r,7.9751189355593
4bdadb60-87ad-4a69-92a0-8d99e2fe3a51/0005/theta,7.67009837801667
d441b25e-dd7d-46c2-895d-2510bcbd207d/0040/r,21.7063690654646
d441b25e-dd7d-46c2-895d-2510bcbd207d/0040/theta,-20.3203293374498
4819ef9e-e93e-479b-a613-dca8f9be3d45/0001/r,27.9810887010268
4819ef9e-e93e-479b-a613-dca8f9be3d45/0001/theta,-34.7804390759278
43125b79-258a-42c8-8572-fcad85e3c3be/0009/r,10.174585602238
43125b79-258a-42c8-8572-fcad85e3c3be/0009/theta,-3.74988390451692
7363cba9-9fbb-4fd2-8c07-e46bed2e1f33/0018/r,8.9566249046289
7363cba9-9fbb-4fd2-8c07-e46bed2e1f33/0018/theta,9.13621104807561
8cfc1ad6-6b03-40bc-8f6e-4215a6741bc3/0016/r,23.165490265323
8cfc1ad6-6b03-40bc-8f6e-4215a6741bc3/0016/theta,36.4686631184689
ee2d1ee9-dd1d-4e63-9881-19205c5dae27/0000/r,6.60779275052795
ee2d1ee9-dd1d-4e63-9881-19205c5dae27/0000/theta,-30.106478391448
0213ada8-e776-4404-9312-c264153c57c1/0013/r,11.0335485897712
0213ada8-e776-4404-9312-c264153c57c1/0013/theta,6.04978358090239
94835623-ca6c-4ac4-82d4-0e63c1b7c16a/0015/r,33.757829412617
94835623-ca6c-4ac4-82d4-0e63c1b7c16a/0015/theta,-35.6465222356303
f8b71ebf-da9e-408f-a080-6a972365160b/0017/r,16.7084517309031
f8b71ebf-da9e-408f-a080-6a972365160b/0017/theta,30.2002333472136
a7300ae2-80c6-4a3f-ab9c-9f88f5299b67/0005/r,17.4358435235745
a7300ae2-80c6-4a3f-ab9c-9f88f5299b67/0005/theta,-8.13823114886387
6662fdd2-4512-4fce-84b0-717edcd5f54c/0053/r,33
6662fdd2-4512-4fce-84b0-717edcd5f54c/0053/theta,-1.08398343103368
f8e9737c-639e-433f-8f28-2d7660d63181/0035/r,33
f8e9737c-639e-433f-8f28-2d7660d63181/0035/theta,-1.08398343103368
268e7603-8bb4-4909-ad83-2962513382d4/0019/r,33
268e7603-8bb4-4909-ad83-2962513382d4/0019/theta,-1.08398343103368
6cd404eb-1c36-4bde-b9b1-24b39b2c715f/0000/r,4.04806475368322
6cd404eb-1c36-4bde-b9b1-24b39b2c715f/0000/theta,-26.8392213141758
d441b25e-dd7d-46c2-895d-2510bcbd207d/0054/r,9.56151497083279
d441b25e-dd7d-46c2-895d-2510bcbd207d/0054/theta,-33.9891829203044
030a2430-5503-47c8-87df-8df226c188b2/0051/r,25.6582086714432
030a2430-5503-47c8-87df-8df226c188b2/0051/theta,1.74067007852202
f7641633-c393-4115-9278-0d9b4dbf391b/0028/r,15.2792945022975
f7641633-c393-4115-9278-0d9b4dbf391b/0028/theta,-34.2872410938805
ec1672b2-15ee-4dcb-a6a0-1f524a1977d4/0023/r,11.4247427973131
ec1672b2-15ee-4dcb-a6a0-1f524a1977d4/0023/theta,19.8630815072021
05ccd11f-9082-4273-aefa-f8386f9ac125/0001/r,33
05ccd11f-9082-4273-aefa-f8386f9ac125/0001/theta,-1.08398343103368
f7641633-c393-4115-9278-0d9b4dbf391b/0044/r,33
f7641633-c393-4115-9278-0d9b4dbf391b/0044/theta,-1.08398343103368
05ccd11f-9082-4273-aefa-f8386f9ac125/0013/r,27.635596327309
05ccd11f-9082-4273-aefa-f8386f9ac125/0013/theta,-20.3992361377845
268e7603-8bb4-4909-ad83-2962513382d4/0008/r,33
268e7603-8bb4-4909-ad83-2962513382d4/0008/theta,-1.08398343103368
55bfa58c-415e-443e-aaa0-c6716f66f780/0054/r,27.7016118491357
55bfa58c-415e-443e-aaa0-c6716f66f780/0054/theta,-6.8506124080715
f8e9737c-639e-433f-8f28-2d7660d63181/0010/r,33
f8e9737c-639e-433f-8f28-2d7660d63181/0010/theta,-1.08398343103368
ee2d1ee9-dd1d-4e63-9881-19205c5dae27/0026/r,34.9088184241803
ee2d1ee9-dd1d-4e63-9881-19205c5dae27/0026/theta,0.997899723810799
030a2430-5503-47c8-87df-8df226c188b2/0007/r,33
030a2430-5503-47c8-87df-8df226c188b2/0007/theta,-1.08398343103368
aa3e1716-992d-48a6-9b2b-1abef589b301/0019/r,14.5605280856091
aa3e1716-992d-48a6-9b2b-1abef589b301/0019/theta,21.2455805221681
030a2430-5503-47c8-87df-8df226c188b2/0044/r,33
030a2430-5503-47c8-87df-8df226c188b2/0044/theta,-1.08398343103368
1d954255-b8d3-42f4-9e47-2cc32c4cb5ce/0023/r,33
1d954255-b8d3-42f4-9e47-2cc32c4cb5ce/0023/theta,-1.08398343103368
21466ee9-c1b6-4699-afcc-84128f8d0b1e/0029/r,16.554866160977
21466ee9-c1b6-4699-afcc-84128f8d0b1e/0029/theta,3.40521619538433
ee2d1ee9-dd1d-4e63-9881-19205c5dae27/0075/r,6.64967900659481
ee2d1ee9-dd1d-4e63-9881-19205c5dae27/0075/theta,1.21563750341926
4bdadb60-87ad-4a69-92a0-8d99e2fe3a51/0008/r,10.0522986293701
4bdadb60-87ad-4a69-92a0-8d99e2fe3a51/0008/theta,4.7996623456415
1d954255-b8d3-42f4-9e47-2cc32c4cb5ce/0025/r,22.5615225602437
1d954255-b8d3-42f4-9e47-2cc32c4cb5ce/0025/theta,35.3961971706807
87e9e215-a030-476d-ac5f-f1f4d06ac0c9/0065/r,10.5542358564218
87e9e215-a030-476d-ac5f-f1f4d06ac0c9/0065/theta,3.01549118786533
6cc9eaa6-ab67-4102-b088-4ab6efa2af6e/0042/r,39.2175962504423
6cc9eaa6-ab67-4102-b088-4ab6efa2af6e/0042/theta,-32.5000003743214
33258271-d00b-47bb-a09a-4db79a4717e0/0003/r,33
33258271-d00b-47bb-a09a-4db79a4717e0/0003/theta,-1.08398343103368
561f3498-8181-4eca-bfda-5f3d61ba76ef/0031/r,33
561f3498-8181-4eca-bfda-5f3d61ba76ef/0031/theta,-1.08398343103368
1d954255-b8d3-42f4-9e47-2cc32c4cb5ce/0005/r,14.6332432483713
1d954255-b8d3-42f4-9e47-2cc32c4cb5ce/0005/theta,-36.2069690183024
21466ee9-c1b6-4699-afcc-84128f8d0b1e/0038/r,6.95924287327601
21466ee9-c1b6-4699-afcc-84128f8d0b1e/0038/theta,-6.82723108986201
9777f121-d32a-4eba-ad84-7b1b579d9f32/0014/r,9.90127447324941
9777f121-d32a-4eba-ad84-7b1b579d9f32/0014/theta,-27.4119203520153
f8e9737c-639e-433f-8f28-2d7660d63181/0015/r,27.4781790552031
f8e9737c-639e-433f-8f28-2d7660d63181/0015/theta,-8.50248973413125
33258271-d00b-47bb-a09a-4db79a4717e0/0002/r,33
33258271-d00b-47bb-a09a-4db79a4717e0/0002/theta,-1.08398343103368
9777f121-d32a-4eba-ad84-7b1b579d9f32/0033/r,18.5706336976995
9777f121-d32a-4eba-ad84-7b1b579d9f32/0033/theta,-21.2909088285735
ec1672b2-15ee-4dcb-a6a0-1f524a1977d4/0005/r,13.2717755162795
ec1672b2-15ee-4dcb-a6a0-1f524a1977d4/0005/theta,-4.15155486122958
87e9e215-a030-476d-ac5f-f1f4d06ac0c9/0003/r,33
87e9e215-a030-476d-ac5f-f1f4d06ac0c9/0003/theta,-1.08398343103368
fdf23cc5-6850-4507-996e-3e75cec90b5f/0041/r,7.19672669922155
fdf23cc5-6850-4507-996e-3e75cec90b5f/0041/theta,3.99992764861162
6cc9eaa6-ab67-4102-b088-4ab6efa2af6e/0011/r,33
6cc9eaa6-ab67-4102-b088-4ab6efa2af6e/0011/theta,-1.08398343103368
0213ada8-e776-4404-9312-c264153c57c1/0004/r,4.35933044211947
0213ada8-e776-4404-9312-c264153c57c1/0004/theta,26.563598257724
77d40a22-9c26-4258-a3cc-a92789bd692e/0025/r,31.5653906426629
77d40a22-9c26-4258-a3cc-a92789bd692e/0025/theta,-19.4572958822065
8cfc1ad6-6b03-40bc-8f6e-4215a6741bc3/0018/r,33
8cfc1ad6-6b03-40bc-8f6e-4215a6741bc3/0018/theta,-1.08398343103368
f8e9737c-639e-433f-8f28-2d7660d63181/0027/r,33
f8e9737c-639e-433f-8f28-2d7660d63181/0027/theta,-1.08398343103368
43125b79-258a-42c8-8572-fcad85e3c3be/0006/r,23.4095980992094
43125b79-258a-42c8-8572-fcad85e3c3be/0006/theta,-7.5504157802971
55bfa58c-415e-443e-aaa0-c6716f66f780/0003/r,33
55bfa58c-415e-443e-aaa0-c6716f66f780/0003/theta,-1.08398343103368
2b0b4d7d-2d10-46c6-b81d-6a7ec08ad6a9/0010/r,20.5532900971099
2b0b4d7d-2d10-46c6-b81d-6a7ec08ad6a9/0010/theta,15.1571520612665
0213ada8-e776-4404-9312-c264153c57c1/0006/r,6.01918679707229
0213ada8-e776-4404-9312-c264153c57c1/0006/theta,5.7827535135459
43125b79-258a-42c8-8572-fcad85e3c3be/0008/r,10.002801779304
43125b79-258a-42c8-8572-fcad85e3c3be/0008/theta,-21.3322802535066
aa3e1716-992d-48a6-9b2b-1abef589b301/0022/r,23.2762065863818
aa3e1716-992d-48a6-9b2b-1abef589b301/0022/theta,30.8907462685388
9777f121-d32a-4eba-ad84-7b1b579d9f32/0004/r,33
9777f121-d32a-4eba-ad84-7b1b579d9f32/0004/theta,-1.08398343103368
43125b79-258a-42c8-8572-fcad85e3c3be/0018/r,33
43125b79-258a-42c8-8572-fcad85e3c3be/0018/theta,-1.08398343103368
aa3e1716-992d-48a6-9b2b-1abef589b301/0011/r,28.3339975257415
aa3e1716-992d-48a6-9b2b-1abef589b301/0011/theta,-1.61043873939333
eccfbc47-1e2f-4754-9fa7-4f56903cd13d/0011/r,33
eccfbc47-1e2f-4754-9fa7-4f56903cd13d/0011/theta,-1.08398343103368
94835623-ca6c-4ac4-82d4-0e63c1b7c16a/0006/r,6.2707158864594
94835623-ca6c-4ac4-82d4-0e63c1b7c16a/0006/theta,8.29794121193816
ee2d1ee9-dd1d-4e63-9881-19205c5dae27/0045/r,6.45844937551211
ee2d1ee9-dd1d-4e63-9881-19205c5dae27/0045/theta,-0.602605904581283
ee2d1ee9-dd1d-4e63-9881-19205c5dae27/0066/r,6.78758981530174
ee2d1ee9-dd1d-4e63-9881-19205c5dae27/0066/theta,1.98324810237016
0382f411-9b8a-47dc-bd88-eac8245a28ee/0064/r,33
0382f411-9b8a-47dc-bd88-eac8245a28ee/0064/theta,-1.08398343103368
f8e9737c-639e-433f-8f28-2d7660d63181/0042/r,15.3866837389889
f8e9737c-639e-433f-8f28-2d7660d63181/0042/theta,26.9144916216132
f8e9737c-639e-433f-8f28-2d7660d63181/0026/r,33
f8e9737c-639e-433f-8f28-2d7660d63181/0026/theta,-1.08398343103368
ee2d1ee9-dd1d-4e63-9881-19205c5dae27/0060/r,7.02498409348954
ee2d1ee9-dd1d-4e63-9881-19205c5dae27/0060/theta,-0.802933205750614
94835623-ca6c-4ac4-82d4-0e63c1b7c16a/0001/r,7.10872981822205
94835623-ca6c-4ac4-82d4-0e63c1b7c16a/0001/theta,11.2589729094907
f8e9737c-639e-433f-8f28-2d7660d63181/0020/r,33
f8e9737c-639e-433f-8f28-2d7660d63181/0020/theta,-1.08398343103368
fdf23cc5-6850-4507-996e-3e75cec90b5f/0012/r,19.059870436317
fdf23cc5-6850-4507-996e-3e75cec90b5f/0012/theta,0.397834269223879
33258271-d00b-47bb-a09a-4db79a4717e0/0017/r,33
33258271-d00b-47bb-a09a-4db79a4717e0/0017/theta,-1.08398343103368
c8f59cc1-94da-4419-9946-8b1e4a42bbcd/0001/r,37.0800911955924
c8f59cc1-94da-4419-9946-8b1e4a42bbcd/0001/theta,-32.5652930255132
05ccd11f-9082-4273-aefa-f8386f9ac125/0052/r,40.9738150691949
05ccd11f-9082-4273-aefa-f8386f9ac125/0052/theta,-18.7591676339587
fdf23cc5-6850-4507-996e-3e75cec90b5f/0002/r,33
fdf23cc5-6850-4507-996e-3e75cec90b5f/0002/theta,-1.08398343103368
030a2430-5503-47c8-87df-8df226c188b2/0067/r,12.6424560423057
030a2430-5503-47c8-87df-8df226c188b2/0067/theta,0.099248730352711
f8b71ebf-da9e-408f-a080-6a972365160b/0018/r,17.6427978001501
f8b71ebf-da9e-408f-a080-6a972365160b/0018/theta,30.7803636023527
6662fdd2-4512-4fce-84b0-717edcd5f54c/0039/r,24.921185273495
6662fdd2-4512-4fce-84b0-717edcd5f54c/0039/theta,-37.0660793331107
0213ada8-e776-4404-9312-c264153c57c1/0017/r,11.536112319539
0213ada8-e776-4404-9312-c264153c57c1/0017/theta,6.10034847826371
6cd404eb-1c36-4bde-b9b1-24b39b2c715f/0004/r,6.0266165494872
6cd404eb-1c36-4bde-b9b1-24b39b2c715f/0004/theta,9.65682736600689
f8e9737c-639e-433f-8f28-2d7660d63181/0034/r,33
f8e9737c-639e-433f-8f28-2d7660d63181/0034/theta,-1.08398343103368
561f3498-8181-4eca-bfda-5f3d61ba76ef/0007/r,15.0554057522064
561f3498-8181-4eca-bfda-5f3d61ba76ef/0007/theta,-35.4672233152913
eccfbc47-1e2f-4754-9fa7-4f56903cd13d/0035/r,8.81225001821402
eccfbc47-1e2f-4754-9fa7-4f56903cd13d/0035/theta,-35.0304038604465
6d479b33-7b8d-4ec8-8fdf-6d58127c633b/0002/r,23.7435519812493
6d479b33-7b8d-4ec8-8fdf-6d58127c633b/0002/theta,3.98671800829188
05ccd11f-9082-4273-aefa-f8386f9ac125/0045/r,5.83132926922895
05ccd11f-9082-4273-aefa-f8386f9ac125/0045/theta,-33.1308146108355
8cfc1ad6-6b03-40bc-8f6e-4215a6741bc3/0021/r,15.7464939480815
8cfc1ad6-6b03-40bc-8f6e-4215a6741bc3/0021/theta,35.0024025084931
c6efa238-f063-407a-9f5c-81bb9983302e/0007/r,33
c6efa238-f063-407a-9f5c-81bb9983302e/0007/theta,-1.08398343103368
5d07a8d5-1fed-47ef-8bb7-a6074763e09e/0031/r,27.6934992364313
5d07a8d5-1fed-47ef-8bb7-a6074763e09e/0031/theta,-20.2452038135757
58e8bf48-c131-42fb-b5f6-f63e6dc09483/0002/r,11.476365022307
58e8bf48-c131-42fb-b5f6-f63e6dc09483/0002/theta,-23.6414775275446
cfb2daae-611b-4b73-9084-6dbf68c8343d/0015/r,15.9211653128792
cfb2daae-611b-4b73-9084-6dbf68c8343d/0015/theta,-23.8276285306483
561f3498-8181-4eca-bfda-5f3d61ba76ef/0028/r,38.4801300009535
561f3498-8181-4eca-bfda-5f3d61ba76ef/0028/theta,-16.7236258797931
d441b25e-dd7d-46c2-895d-2510bcbd207d/0009/r,13.2781057366015
d441b25e-dd7d-46c2-895d-2510bcbd207d/0009/theta,-30.2135159500502
f8e9737c-639e-433f-8f28-2d7660d63181/0008/r,19.2919030150849
f8e9737c-639e-433f-8f28-2d7660d63181/0008/theta,-6.43853939003465e-07
87e9e215-a030-476d-ac5f-f1f4d06ac0c9/0008/r,41.3872011781638
87e9e215-a030-476d-ac5f-f1f4d06ac0c9/0008/theta,-11.7921521561979
f8b71ebf-da9e-408f-a080-6a972365160b/0041/r,5.65984428783649
f8b71ebf-da9e-408f-a080-6a972365160b/0041/theta,14.7928079449454
fdf23cc5-6850-4507-996e-3e75cec90b5f/0022/r,33
fdf23cc5-6850-4507-996e-3e75cec90b5f/0022/theta,-1.08398343103368
2b0b4d7d-2d10-46c6-b81d-6a7ec08ad6a9/0012/r,16.7372136866413
2b0b4d7d-2d10-46c6-b81d-6a7ec08ad6a9/0012/theta,-18.0786574964014
b89ca3c0-b361-43f8-b261-ab7eabe8eabf/0005/r,33
b89ca3c0-b361-43f8-b261-ab7eabe8eabf/0005/theta,-1.08398343103368
fdf23cc5-6850-4507-996e-3e75cec90b5f/0021/r,33
fdf23cc5-6850-4507-996e-3e75cec90b5f/0021/theta,-1.08398343103368
aa3e1716-992d-48a6-9b2b-1abef589b301/0026/r,12.3258101006439
aa3e1716-992d-48a6-9b2b-1abef589b301/0026/theta,-33.6151518105488
1d954255-b8d3-42f4-9e47-2cc32c4cb5ce/0009/r,7.70910889486752
1d954255-b8d3-42f4-9e47-2cc32c4cb5ce/0009/theta,-13.5672122965305
05ccd11f-9082-4273-aefa-f8386f9ac125/0031/r,16.9508787319015
05ccd11f-9082-4273-aefa-f8386f9ac125/0031/theta,-33.677928240834
aa3e1716-992d-48a6-9b2b-1abef589b301/0006/r,19.1377973762758
aa3e1716-992d-48a6-9b2b-1abef589b301/0006/theta,25.8105405373118
21466ee9-c1b6-4699-afcc-84128f8d0b1e/0033/r,16.299847071719
21466ee9-c1b6-4699-afcc-84128f8d0b1e/0033/theta,2.59245606201683
eccfbc47-1e2f-4754-9fa7-4f56903cd13d/0003/r,19.3754037845338
eccfbc47-1e2f-4754-9fa7-4f56903cd13d/0003/theta,-34.5209053414089
4bdadb60-87ad-4a69-92a0-8d99e2fe3a51/0009/r,10.0639790142881
4bdadb60-87ad-4a69-92a0-8d99e2fe3a51/0009/theta,5.42588446298617
bc97d88d-8c86-4653-86a5-4597485ce018/0003/r,38.4464068066895
bc97d88d-8c86-4653-86a5-4597485ce018/0003/theta,-21.2558230943105
561f3498-8181-4eca-bfda-5f3d61ba76ef/0030/r,37.2852603609675
561f3498-8181-4eca-bfda-5f3d61ba76ef/0030/theta,-30.3337700875939
9777f121-d32a-4eba-ad84-7b1b579d9f32/0008/r,33
9777f121-d32a-4eba-ad84-7b1b579d9f32/0008/theta,-1.08398343103368
0382f411-9b8a-47dc-bd88-eac8245a28ee/0062/r,33
0382f411-9b8a-47dc-bd88-eac8245a28ee/0062/theta,-1.08398343103368
1d954255-b8d3-42f4-9e47-2cc32c4cb5ce/0033/r,31.3801141234331
1d954255-b8d3-42f4-9e47-2cc32c4cb5ce/0033/theta,-1.69626522025103
87e9e215-a030-476d-ac5f-f1f4d06ac0c9/0045/r,33
87e9e215-a030-476d-ac5f-f1f4d06ac0c9/0045/theta,-1.08398343103368
05ccd11f-9082-4273-aefa-f8386f9ac125/0000/r,6.53276464050301
05ccd11f-9082-4273-aefa-f8386f9ac125/0000/theta,-34.6258918314857
94835623-ca6c-4ac4-82d4-0e63c1b7c16a/0024/r,6.20098751170689
94835623-ca6c-4ac4-82d4-0e63c1b7c16a/0024/theta,3.73669742221238
0382f411-9b8a-47dc-bd88-eac8245a28ee/0053/r,14.6579239660888
0382f411-9b8a-47dc-bd88-eac8245a28ee/0053/theta,-4.86664878358041
ee2d1ee9-dd1d-4e63-9881-19205c5dae27/0017/r,33
ee2d1ee9-dd1d-4e63-9881-19205c5dae27/0017/theta,-1.08398343103368
6cc9eaa6-ab67-4102-b088-4ab6efa2af6e/0004/r,17.0957810926446
6cc9eaa6-ab67-4102-b088-4ab6efa2af6e/0004/theta,-18.4868036398901
9777f121-d32a-4eba-ad84-7b1b579d9f32/0029/r,33
9777f121-d32a-4eba-ad84-7b1b579d9f32/0029/theta,-1.08398343103368
21466ee9-c1b6-4699-afcc-84128f8d0b1e/0031/r,22.1997295902848
21466ee9-c1b6-4699-afcc-84128f8d0b1e/0031/theta,2.16809834096145
87e9e215-a030-476d-ac5f-f1f4d06ac0c9/0059/r,10.8831393176073
87e9e215-a030-476d-ac5f-f1f4d06ac0c9/0059/theta,6.26651796624671
c8f59cc1-94da-4419-9946-8b1e4a42bbcd/0013/r,33
c8f59cc1-94da-4419-9946-8b1e4a42bbcd/0013/theta,-1.08398343103368
55bfa58c-415e-443e-aaa0-c6716f66f780/0051/r,27.6646170344718
55bfa58c-415e-443e-aaa0-c6716f66f780/0051/theta,-7.07385791793139
030a2430-5503-47c8-87df-8df226c188b2/0071/r,15.2575237690341
030a2430-5503-47c8-87df-8df226c188b2/0071/theta,-0.548892297669608
94df467e-76d8-42c3-b45d-dcebf6131998/0003/r,4.53009000847849
94df467e-76d8-42c3-b45d-dcebf6131998/0003/theta,-3.18494990560398
43125b79-258a-42c8-8572-fcad85e3c3be/0011/r,33
43125b79-258a-42c8-8572-fcad85e3c3be/0011/theta,-1.08398343103368
7363cba9-9fbb-4fd2-8c07-e46bed2e1f33/0013/r,33
7363cba9-9fbb-4fd2-8c07-e46bed2e1f33/0013/theta,-1.08398343103368
87e9e215-a030-476d-ac5f-f1f4d06ac0c9/0055/r,12.5948833221728
87e9e215-a030-476d-ac5f-f1f4d06ac0c9/0055/theta,1.20052293217755
58e8bf48-c131-42fb-b5f6-f63e6dc09483/0008/r,29.5021905997676
58e8bf48-c131-42fb-b5f6-f63e6dc09483/0008/theta,-29.1503499569316
6662fdd2-4512-4fce-84b0-717edcd5f54c/0029/r,33
6662fdd2-4512-4fce-84b0-717edcd5f54c/0029/theta,-1.08398343103368
87e9e215-a030-476d-ac5f-f1f4d06ac0c9/0053/r,33
87e9e215-a030-476d-ac5f-f1f4d06ac0c9/0053/theta,-1.08398343103368
561f3498-8181-4eca-bfda-5f3d61ba76ef/0001/r,15.6253700457411
561f3498-8181-4eca-bfda-5f3d61ba76ef/0001/theta,-10.5352344149448
f8e9737c-639e-433f-8f28-2d7660d63181/0018/r,33
f8e9737c-639e-433f-8f28-2d7660d63181/0018/theta,-1.08398343103368
597b5172-e412-4827-9b78-6b3585569148/0002/r,5.09447401264196
597b5172-e412-4827-9b78-6b3585569148/0002/theta,-6.11088735854252
d441b25e-dd7d-46c2-895d-2510bcbd207d/0049/r,33
d441b25e-dd7d-46c2-895d-2510bcbd207d/0049/theta,-1.08398343103368
7363cba9-9fbb-4fd2-8c07-e46bed2e1f33/0014/r,11.8867473025464
7363cba9-9fbb-4fd2-8c07-e46bed2e1f33/0014/theta,6.5718507060303
d441b25e-dd7d-46c2-895d-2510bcbd207d/0056/r,16.1895339142689
d441b25e-dd7d-46c2-895d-2510bcbd207d/0056/theta,-15.3388853922299
6cc9eaa6-ab67-4102-b088-4ab6efa2af6e/0003/r,5.73286897830221
6cc9eaa6-ab67-4102-b088-4ab6efa2af6e/0003/theta,-27.7521095406373
1d954255-b8d3-42f4-9e47-2cc32c4cb5ce/0028/r,7.21937031040538
1d954255-b8d3-42f4-9e47-2cc32c4cb5ce/0028/theta,-4.87259178877898
94df467e-76d8-42c3-b45d-dcebf6131998/0017/r,7.39118307253575
94df467e-76d8-42c3-b45d-dcebf6131998/0017/theta,2.64974381423046
f231aa86-53f9-4ddf-b163-0bb421b5c1b1/0011/r,38.4091043999708
f231aa86-53f9-4ddf-b163-0bb421b5c1b1/0011/theta,-12.2991706820091
b89ca3c0-b361-43f8-b261-ab7eabe8eabf/0018/r,33
b89ca3c0-b361-43f8-b261-ab7eabe8eabf/0018/theta,-1.08398343103368
87e9e215-a030-476d-ac5f-f1f4d06ac0c9/0050/r,13.3980975825709
87e9e215-a030-476d-ac5f-f1f4d06ac0c9/0050/theta,1.19608294259401
030a2430-5503-47c8-87df-8df226c188b2/0043/r,47.1636058826557
030a2430-5503-47c8-87df-8df226c188b2/0043/theta,11.1754424489422
6662fdd2-4512-4fce-84b0-717edcd5f54c/0038/r,26.1775247616236
6662fdd2-4512-4fce-84b0-717edcd5f54c/0038/theta,8.24705737125001
cfb2daae-611b-4b73-9084-6dbf68c8343d/0007/r,9.22251483375971
cfb2daae-611b-4b73-9084-6dbf68c8343d/0007/theta,-33.3897836771086
0213ada8-e776-4404-9312-c264153c57c1/0023/r,33
0213ada8-e776-4404-9312-c264153c57c1/0023/theta,-1.08398343103368
9777f121-d32a-4eba-ad84-7b1b579d9f32/0028/r,16.095101340771
9777f121-d32a-4eba-ad84-7b1b579d9f32/0028/theta,-8.9628543358826
94835623-ca6c-4ac4-82d4-0e63c1b7c16a/0023/r,6.13283679925596
94835623-ca6c-4ac4-82d4-0e63c1b7c16a/0023/theta,3.6308533341204
d441b25e-dd7d-46c2-895d-2510bcbd207d/0020/r,33
d441b25e-dd7d-46c2-895d-2510bcbd207d/0020/theta,-1.08398343103368
f8b71ebf-da9e-408f-a080-6a972365160b/0035/r,6.47998444076038
f8b71ebf-da9e-408f-a080-6a972365160b/0035/theta,16.0001510175609
aa3e1716-992d-48a6-9b2b-1abef589b301/0005/r,17.5460320122596
aa3e1716-992d-48a6-9b2b-1abef589b301/0005/theta,10.7965969152988
d441b25e-dd7d-46c2-895d-2510bcbd207d/0004/r,5.18654900246564
d441b25e-dd7d-46c2-895d-2510bcbd207d/0004/theta,14.6097611498174
2b0b4d7d-2d10-46c6-b81d-6a7ec08ad6a9/0020/r,33
2b0b4d7d-2d10-46c6-b81d-6a7ec08ad6a9/0020/theta,-1.08398343103368
d441b25e-dd7d-46c2-895d-2510bcbd207d/0027/r,35.234200713109
d441b25e-dd7d-46c2-895d-2510bcbd207d/0027/theta,-37.3377870530057
59f19071-a9b1-4de8-b7fd-2a862d2ae674/0001/r,30.2036008195479
59f19071-a9b1-4de8-b7fd-2a862d2ae674/0001/theta,-15.9993266700544
0213ada8-e776-4404-9312-c264153c57c1/0011/r,5.93111425831448
0213ada8-e776-4404-9312-c264153c57c1/0011/theta,8.25193004415937
5d07a8d5-1fed-47ef-8bb7-a6074763e09e/0020/r,8.11747658661989
5d07a8d5-1fed-47ef-8bb7-a6074763e09e/0020/theta,-28.9135242025916
7363cba9-9fbb-4fd2-8c07-e46bed2e1f33/0010/r,33
7363cba9-9fbb-4fd2-8c07-e46bed2e1f33/0010/theta,-1.08398343103368
0213ada8-e776-4404-9312-c264153c57c1/0000/r,15.9385947915403
0213ada8-e776-4404-9312-c264153c57c1/0000/theta,3.16492683941461
33258271-d00b-47bb-a09a-4db79a4717e0/0029/r,11.0715646601588
33258271-d00b-47bb-a09a-4db79a4717e0/0029/theta,-30.8748352392143
f231aa86-53f9-4ddf-b163-0bb421b5c1b1/0024/r,18.634229085115
f231aa86-53f9-4ddf-b163-0bb421b5c1b1/0024/theta,-11.8348260991733
0213ada8-e776-4404-9312-c264153c57c1/0003/r,5.95636051709312
0213ada8-e776-4404-9312-c264153c57c1/0003/theta,15.2585685957739
b89ca3c0-b361-43f8-b261-ab7eabe8eabf/0015/r,33
b89ca3c0-b361-43f8-b261-ab7eabe8eabf/0015/theta,-1.08398343103368
ee2d1ee9-dd1d-4e63-9881-19205c5dae27/0057/r,6.98078522593052
ee2d1ee9-dd1d-4e63-9881-19205c5dae27/0057/theta,1.3915198990863
eccfbc47-1e2f-4754-9fa7-4f56903cd13d/0002/r,17.8455205226866
eccfbc47-1e2f-4754-9fa7-4f56903cd13d/0002/theta,-31.5970028620286
0382f411-9b8a-47dc-bd88-eac8245a28ee/0047/r,33
0382f411-9b8a-47dc-bd88-eac8245a28ee/0047/theta,-1.08398343103368
ee2d1ee9-dd1d-4e63-9881-19205c5dae27/0049/r,6.34425740361678
ee2d1ee9-dd1d-4e63-9881-19205c5dae27/0049/theta,1.98735671929605
0382f411-9b8a-47dc-bd88-eac8245a28ee/0033/r,8.32732991778767
0382f411-9b8a-47dc-bd88-eac8245a28ee/0033/theta,-28.5499799368146
59f19071-a9b1-4de8-b7fd-2a862d2ae674/0038/r,23.7263036687481
59f19071-a9b1-4de8-b7fd-2a862d2ae674/0038/theta,35.1408048138774
9777f121-d32a-4eba-ad84-7b1b579d9f32/0022/r,33
9777f121-d32a-4eba-ad84-7b1b579d9f32/0022/theta,-1.08398343103368
cfb2daae-611b-4b73-9084-6dbf68c8343d/0000/r,33
cfb2daae-611b-4b73-9084-6dbf68c8343d/0000/theta,-1.08398343103368
0213ada8-e776-4404-9312-c264153c57c1/0012/r,5.92707940698855
0213ada8-e776-4404-9312-c264153c57c1/0012/theta,10.8161416436491
94835623-ca6c-4ac4-82d4-0e63c1b7c16a/0027/r,5.80727741686265
94835623-ca6c-4ac4-82d4-0e63c1b7c16a/0027/theta,5.51982579021079
aa3e1716-992d-48a6-9b2b-1abef589b301/0004/r,13.3257163823244
aa3e1716-992d-48a6-9b2b-1abef589b301/0004/theta,5.78372975001776
eccfbc47-1e2f-4754-9fa7-4f56903cd13d/0014/r,19.6294882019703
eccfbc47-1e2f-4754-9fa7-4f56903cd13d/0014/theta,-13.5144295409011
030a2430-5503-47c8-87df-8df226c188b2/0001/r,17.0683687501363
030a2430-5503-47c8-87df-8df226c188b2/0001/theta,20.0609591541016
8cfc1ad6-6b03-40bc-8f6e-4215a6741bc3/0015/r,33
8cfc1ad6-6b03-40bc-8f6e-4215a6741bc3/0015/theta,-1.08398343103368
4bdadb60-87ad-4a69-92a0-8d99e2fe3a51/0012/r,10.0616646484467
4bdadb60-87ad-4a69-92a0-8d99e2fe3a51/0012/theta,5.52898879252878
21466ee9-c1b6-4699-afcc-84128f8d0b1e/0018/r,12.5541581208801
21466ee9-c1b6-4699-afcc-84128f8d0b1e/0018/theta,8.09159758686639
f8e9737c-639e-433f-8f28-2d7660d63181/0036/r,32.7943286281862
f8e9737c-639e-433f-8f28-2d7660d63181/0036/theta,-34.5124152047298
5d07a8d5-1fed-47ef-8bb7-a6074763e09e/0007/r,6.66814976260504
5d07a8d5-1fed-47ef-8bb7-a6074763e09e/0007/theta,-0.989954032437472
87e9e215-a030-476d-ac5f-f1f4d06ac0c9/0062/r,10.5367691246604
87e9e215-a030-476d-ac5f-f1f4d06ac0c9/0062/theta,5.50957689557125
0382f411-9b8a-47dc-bd88-eac8245a28ee/0016/r,33
0382f411-9b8a-47dc-bd88-eac8245a28ee/0016/theta,-1.08398343103368
030a2430-5503-47c8-87df-8df226c188b2/0056/r,12.4183179497703
030a2430-5503-47c8-87df-8df226c188b2/0056/theta,0.199276006051819
05ccd11f-9082-4273-aefa-f8386f9ac125/0038/r,33
05ccd11f-9082-4273-aefa-f8386f9ac125/0038/theta,-1.08398343103368
6cd404eb-1c36-4bde-b9b1-24b39b2c715f/0023/r,33
6cd404eb-1c36-4bde-b9b1-24b39b2c715f/0023/theta,-1.08398343103368
5d07a8d5-1fed-47ef-8bb7-a6074763e09e/0015/r,5.64539385900629
5d07a8d5-1fed-47ef-8bb7-a6074763e09e/0015/theta,1.16728187140619
6662fdd2-4512-4fce-84b0-717edcd5f54c/0063/r,33
6662fdd2-4512-4fce-84b0-717edcd5f54c/0063/theta,-1.08398343103368
1d954255-b8d3-42f4-9e47-2cc32c4cb5ce/0027/r,18.3209280062441
1d954255-b8d3-42f4-9e47-2cc32c4cb5ce/0027/theta,30.3554328487057
ec1672b2-15ee-4dcb-a6a0-1f524a1977d4/0027/r,13.7980566877349
ec1672b2-15ee-4dcb-a6a0-1f524a1977d4/0027/theta,0.192725942410155
9d602547-bdf8-45e3-9b16-81c6fe9338e4/0004/r,33
9d602547-bdf8-45e3-9b16-81c6fe9338e4/0004/theta,-1.08398343103368
21466ee9-c1b6-4699-afcc-84128f8d0b1e/0027/r,19.5464323556274
21466ee9-c1b6-4699-afcc-84128f8d0b1e/0027/theta,1.79142635133765
87e9e215-a030-476d-ac5f-f1f4d06ac0c9/0058/r,9.58452861903318
87e9e215-a030-476d-ac5f-f1f4d06ac0c9/0058/theta,5.36012125916039
4819ef9e-e93e-479b-a613-dca8f9be3d45/0002/r,26.6928466965331
4819ef9e-e93e-479b-a613-dca8f9be3d45/0002/theta,-36.1597589136509
43125b79-258a-42c8-8572-fcad85e3c3be/0000/r,20.9777777861003
43125b79-258a-42c8-8572-fcad85e3c3be/0000/theta,14.900155899967
0382f411-9b8a-47dc-bd88-eac8245a28ee/0035/r,26.8718038369581
0382f411-9b8a-47dc-bd88-eac8245a28ee/0035/theta,-26.6705974242795
94df467e-76d8-42c3-b45d-dcebf6131998/0001/r,4.53731038874478
94df467e-76d8-42c3-b45d-dcebf6131998/0001/theta,-2.41131023123709
4819ef9e-e93e-479b-a613-dca8f9be3d45/0005/r,39.1041022682419
4819ef9e-e93e-479b-a613-dca8f9be3d45/0005/theta,-12.5053842217391
