guid/image,label
0213ada8-e776-4404-9312-c264153c57c1/0000,0
0213ada8-e776-4404-9312-c264153c57c1/0001,0
0213ada8-e776-4404-9312-c264153c57c1/0002,0
0213ada8-e776-4404-9312-c264153c57c1/0003,0
0213ada8-e776-4404-9312-c264153c57c1/0004,0
0213ada8-e776-4404-9312-c264153c57c1/0005,0
0213ada8-e776-4404-9312-c264153c57c1/0006,0
0213ada8-e776-4404-9312-c264153c57c1/0007,0
0213ada8-e776-4404-9312-c264153c57c1/0008,0
0213ada8-e776-4404-9312-c264153c57c1/0009,0
0213ada8-e776-4404-9312-c264153c57c1/0010,0
0213ada8-e776-4404-9312-c264153c57c1/0011,0
0213ada8-e776-4404-9312-c264153c57c1/0012,0
0213ada8-e776-4404-9312-c264153c57c1/0013,0
0213ada8-e776-4404-9312-c264153c57c1/0014,0
0213ada8-e776-4404-9312-c264153c57c1/0015,0
0213ada8-e776-4404-9312-c264153c57c1/0016,0
0213ada8-e776-4404-9312-c264153c57c1/0017,0
0213ada8-e776-4404-9312-c264153c57c1/0018,0
0213ada8-e776-4404-9312-c264153c57c1/0019,0
0213ada8-e776-4404-9312-c264153c57c1/0020,0
0213ada8-e776-4404-9312-c264153c57c1/0021,0
0213ada8-e776-4404-9312-c264153c57c1/0022,0
0213ada8-e776-4404-9312-c264153c57c1/0023,0
0213ada8-e776-4404-9312-c264153c57c1/0024,0
0213ada8-e776-4404-9312-c264153c57c1/0025,0
0213ada8-e776-4404-9312-c264153c57c1/0026,0
0213ada8-e776-4404-9312-c264153c57c1/0027,0
0213ada8-e776-4404-9312-c264153c57c1/0028,0
0213ada8-e776-4404-9312-c264153c57c1/0029,0
0213ada8-e776-4404-9312-c264153c57c1/0030,0
0213ada8-e776-4404-9312-c264153c57c1/0031,0
0213ada8-e776-4404-9312-c264153c57c1/0032,0
0213ada8-e776-4404-9312-c264153c57c1/0033,0
0213ada8-e776-4404-9312-c264153c57c1/0034,0
0213ada8-e776-4404-9312-c264153c57c1/0035,0
0213ada8-e776-4404-9312-c264153c57c1/0036,0
0213ada8-e776-4404-9312-c264153c57c1/0037,0
0213ada8-e776-4404-9312-c264153c57c1/0038,0
0213ada8-e776-4404-9312-c264153c57c1/0039,0
0213ada8-e776-4404-9312-c264153c57c1/0040,0
0213ada8-e776-4404-9312-c264153c57c1/0041,0
0213ada8-e776-4404-9312-c264153c57c1/0042,0
0213ada8-e776-4404-9312-c264153c57c1/0043,0
0213ada8-e776-4404-9312-c264153c57c1/0044,0
0213ada8-e776-4404-9312-c264153c57c1/0045,0
0213ada8-e776-4404-9312-c264153c57c1/0046,0
0213ada8-e776-4404-9312-c264153c57c1/0047,0
0213ada8-e776-4404-9312-c264153c57c1/0048,0
0213ada8-e776-4404-9312-c264153c57c1/0049,0
0213ada8-e776-4404-9312-c264153c57c1/0050,0
0213ada8-e776-4404-9312-c264153c57c1/0051,0
030a2430-5503-47c8-87df-8df226c188b2/0000,0
030a2430-5503-47c8-87df-8df226c188b2/0001,0
030a2430-5503-47c8-87df-8df226c188b2/0002,0
030a2430-5503-47c8-87df-8df226c188b2/0003,0
030a2430-5503-47c8-87df-8df226c188b2/0004,0
030a2430-5503-47c8-87df-8df226c188b2/0005,0
030a2430-5503-47c8-87df-8df226c188b2/0006,0
030a2430-5503-47c8-87df-8df226c188b2/0007,0
030a2430-5503-47c8-87df-8df226c188b2/0008,0
030a2430-5503-47c8-87df-8df226c188b2/0009,0
030a2430-5503-47c8-87df-8df226c188b2/0010,0
030a2430-5503-47c8-87df-8df226c188b2/0011,0
030a2430-5503-47c8-87df-8df226c188b2/0012,0
030a2430-5503-47c8-87df-8df226c188b2/0013,0
030a2430-5503-47c8-87df-8df226c188b2/0014,0
030a2430-5503-47c8-87df-8df226c188b2/0015,0
030a2430-5503-47c8-87df-8df226c188b2/0016,0
030a2430-5503-47c8-87df-8df226c188b2/0017,0
030a2430-5503-47c8-87df-8df226c188b2/0018,0
030a2430-5503-47c8-87df-8df226c188b2/0019,0
030a2430-5503-47c8-87df-8df226c188b2/0020,0
030a2430-5503-47c8-87df-8df226c188b2/0021,0
030a2430-5503-47c8-87df-8df226c188b2/0022,0
030a2430-5503-47c8-87df-8df226c188b2/0023,0
030a2430-5503-47c8-87df-8df226c188b2/0024,0
030a2430-5503-47c8-87df-8df226c188b2/0025,0
030a2430-5503-47c8-87df-8df226c188b2/0026,0
030a2430-5503-47c8-87df-8df226c188b2/0027,0
030a2430-5503-47c8-87df-8df226c188b2/0028,0
030a2430-5503-47c8-87df-8df226c188b2/0029,0
030a2430-5503-47c8-87df-8df226c188b2/0030,0
030a2430-5503-47c8-87df-8df226c188b2/0031,0
030a2430-5503-47c8-87df-8df226c188b2/0032,0
030a2430-5503-47c8-87df-8df226c188b2/0033,0
030a2430-5503-47c8-87df-8df226c188b2/0034,0
030a2430-5503-47c8-87df-8df226c188b2/0035,0
030a2430-5503-47c8-87df-8df226c188b2/0036,0
030a2430-5503-47c8-87df-8df226c188b2/0037,0
030a2430-5503-47c8-87df-8df226c188b2/0038,0
030a2430-5503-47c8-87df-8df226c188b2/0039,0
030a2430-5503-47c8-87df-8df226c188b2/0040,0
030a2430-5503-47c8-87df-8df226c188b2/0041,0
030a2430-5503-47c8-87df-8df226c188b2/0042,0
030a2430-5503-47c8-87df-8df226c188b2/0043,0
030a2430-5503-47c8-87df-8df226c188b2/0044,0
030a2430-5503-47c8-87df-8df226c188b2/0045,0
030a2430-5503-47c8-87df-8df226c188b2/0046,0
030a2430-5503-47c8-87df-8df226c188b2/0047,0
030a2430-5503-47c8-87df-8df226c188b2/0048,0
030a2430-5503-47c8-87df-8df226c188b2/0049,0
030a2430-5503-47c8-87df-8df226c188b2/0050,0
030a2430-5503-47c8-87df-8df226c188b2/0051,0
030a2430-5503-47c8-87df-8df226c188b2/0052,0
030a2430-5503-47c8-87df-8df226c188b2/0053,0
030a2430-5503-47c8-87df-8df226c188b2/0054,0
030a2430-5503-47c8-87df-8df226c188b2/0055,0
030a2430-5503-47c8-87df-8df226c188b2/0056,0
030a2430-5503-47c8-87df-8df226c188b2/0057,0
030a2430-5503-47c8-87df-8df226c188b2/0058,0
030a2430-5503-47c8-87df-8df226c188b2/0059,0
030a2430-5503-47c8-87df-8df226c188b2/0060,0
030a2430-5503-47c8-87df-8df226c188b2/0061,0
030a2430-5503-47c8-87df-8df226c188b2/0062,0
030a2430-5503-47c8-87df-8df226c188b2/0063,0
030a2430-5503-47c8-87df-8df226c188b2/0064,0
030a2430-5503-47c8-87df-8df226c188b2/0065,0
030a2430-5503-47c8-87df-8df226c188b2/0066,0
030a2430-5503-47c8-87df-8df226c188b2/0067,0
030a2430-5503-47c8-87df-8df226c188b2/0068,0
030a2430-5503-47c8-87df-8df226c188b2/0069,0
030a2430-5503-47c8-87df-8df226c188b2/0070,0
030a2430-5503-47c8-87df-8df226c188b2/0071,0
030a2430-5503-47c8-87df-8df226c188b2/0072,0
030a2430-5503-47c8-87df-8df226c188b2/0073,0
030a2430-5503-47c8-87df-8df226c188b2/0074,0
030a2430-5503-47c8-87df-8df226c188b2/0075,0
030a2430-5503-47c8-87df-8df226c188b2/0076,0
030a2430-5503-47c8-87df-8df226c188b2/0077,0
0382f411-9b8a-47dc-bd88-eac8245a28ee/0000,0
0382f411-9b8a-47dc-bd88-eac8245a28ee/0001,0
0382f411-9b8a-47dc-bd88-eac8245a28ee/0002,0
0382f411-9b8a-47dc-bd88-eac8245a28ee/0003,0
0382f411-9b8a-47dc-bd88-eac8245a28ee/0004,0
0382f411-9b8a-47dc-bd88-eac8245a28ee/0005,0
0382f411-9b8a-47dc-bd88-eac8245a28ee/0006,0
0382f411-9b8a-47dc-bd88-eac8245a28ee/0007,0
0382f411-9b8a-47dc-bd88-eac8245a28ee/0008,0
0382f411-9b8a-47dc-bd88-eac8245a28ee/0009,0
0382f411-9b8a-47dc-bd88-eac8245a28ee/0010,0
0382f411-9b8a-47dc-bd88-eac8245a28ee/0011,0
0382f411-9b8a-47dc-bd88-eac8245a28ee/0012,0
0382f411-9b8a-47dc-bd88-eac8245a28ee/0013,0
0382f411-9b8a-47dc-bd88-eac8245a28ee/0014,0
0382f411-9b8a-47dc-bd88-eac8245a28ee/0015,0
0382f411-9b8a-47dc-bd88-eac8245a28ee/0016,0
0382f411-9b8a-47dc-bd88-eac8245a28ee/0017,0
0382f411-9b8a-47dc-bd88-eac8245a28ee/0018,0
0382f411-9b8a-47dc-bd88-eac8245a28ee/0019,0
0382f411-9b8a-47dc-bd88-eac8245a28ee/0020,0
0382f411-9b8a-47dc-bd88-eac8245a28ee/0021,0
0382f411-9b8a-47dc-bd88-eac8245a28ee/0022,0
0382f411-9b8a-47dc-bd88-eac8245a28ee/0023,0
0382f411-9b8a-47dc-bd88-eac8245a28ee/0024,0
0382f411-9b8a-47dc-bd88-eac8245a28ee/0025,0
0382f411-9b8a-47dc-bd88-eac8245a28ee/0026,0
0382f411-9b8a-47dc-bd88-eac8245a28ee/0027,0
0382f411-9b8a-47dc-bd88-eac8245a28ee/0028,0
0382f411-9b8a-47dc-bd88-eac8245a28ee/0029,0
0382f411-9b8a-47dc-bd88-eac8245a28ee/0030,0
0382f411-9b8a-47dc-bd88-eac8245a28ee/0031,0
0382f411-9b8a-47dc-bd88-eac8245a28ee/0032,0
0382f411-9b8a-47dc-bd88-eac8245a28ee/0033,0
0382f411-9b8a-47dc-bd88-eac8245a28ee/0034,0
0382f411-9b8a-47dc-bd88-eac8245a28ee/0035,0
0382f411-9b8a-47dc-bd88-eac8245a28ee/0036,0
0382f411-9b8a-47dc-bd88-eac8245a28ee/0037,0
0382f411-9b8a-47dc-bd88-eac8245a28ee/0038,0
0382f411-9b8a-47dc-bd88-eac8245a28ee/0039,0
0382f411-9b8a-47dc-bd88-eac8245a28ee/0040,0
0382f411-9b8a-47dc-bd88-eac8245a28ee/0041,0
0382f411-9b8a-47dc-bd88-eac8245a28ee/0042,0
0382f411-9b8a-47dc-bd88-eac8245a28ee/0043,0
0382f411-9b8a-47dc-bd88-eac8245a28ee/0044,0
0382f411-9b8a-47dc-bd88-eac8245a28ee/0045,0
0382f411-9b8a-47dc-bd88-eac8245a28ee/0046,0
0382f411-9b8a-47dc-bd88-eac8245a28ee/0047,0
0382f411-9b8a-47dc-bd88-eac8245a28ee/0048,0
0382f411-9b8a-47dc-bd88-eac8245a28ee/0049,0
0382f411-9b8a-47dc-bd88-eac8245a28ee/0050,0
0382f411-9b8a-47dc-bd88-eac8245a28ee/0051,0
0382f411-9b8a-47dc-bd88-eac8245a28ee/0052,0
0382f411-9b8a-47dc-bd88-eac8245a28ee/0053,0
0382f411-9b8a-47dc-bd88-eac8245a28ee/0054,0
0382f411-9b8a-47dc-bd88-eac8245a28ee/0055,0
0382f411-9b8a-47dc-bd88-eac8245a28ee/0056,0
0382f411-9b8a-47dc-bd88-eac8245a28ee/0057,0
0382f411-9b8a-47dc-bd88-eac8245a28ee/0058,0
0382f411-9b8a-47dc-bd88-eac8245a28ee/0059,0
0382f411-9b8a-47dc-bd88-eac8245a28ee/0060,0
0382f411-9b8a-47dc-bd88-eac8245a28ee/0061,0
0382f411-9b8a-47dc-bd88-eac8245a28ee/0062,0
0382f411-9b8a-47dc-bd88-eac8245a28ee/0063,0
0382f411-9b8a-47dc-bd88-eac8245a28ee/0064,0
0382f411-9b8a-47dc-bd88-eac8245a28ee/0065,0
05ccd11f-9082-4273-aefa-f8386f9ac125/0000,0
05ccd11f-9082-4273-aefa-f8386f9ac125/0001,0
05ccd11f-9082-4273-aefa-f8386f9ac125/0002,0
05ccd11f-9082-4273-aefa-f8386f9ac125/0003,0
05ccd11f-9082-4273-aefa-f8386f9ac125/0004,0
05ccd11f-9082-4273-aefa-f8386f9ac125/0005,0
05ccd11f-9082-4273-aefa-f8386f9ac125/0006,0
05ccd11f-9082-4273-aefa-f8386f9ac125/0007,0
05ccd11f-9082-4273-aefa-f8386f9ac125/0008,0
05ccd11f-9082-4273-aefa-f8386f9ac125/0009,0
05ccd11f-9082-4273-aefa-f8386f9ac125/0010,0
05ccd11f-9082-4273-aefa-f8386f9ac125/0011,0
05ccd11f-9082-4273-aefa-f8386f9ac125/0012,0
05ccd11f-9082-4273-aefa-f8386f9ac125/0013,0
05ccd11f-9082-4273-aefa-f8386f9ac125/0014,0
05ccd11f-9082-4273-aefa-f8386f9ac125/0015,0
05ccd11f-9082-4273-aefa-f8386f9ac125/0016,0
05ccd11f-9082-4273-aefa-f8386f9ac125/0017,0
05ccd11f-9082-4273-aefa-f8386f9ac125/0018,0
05ccd11f-9082-4273-aefa-f8386f9ac125/0019,0
05ccd11f-9082-4273-aefa-f8386f9ac125/0020,0
05ccd11f-9082-4273-aefa-f8386f9ac125/0021,0
05ccd11f-9082-4273-aefa-f8386f9ac125/0022,0
05ccd11f-9082-4273-aefa-f8386f9ac125/0023,0
05ccd11f-9082-4273-aefa-f8386f9ac125/0024,0
05ccd11f-9082-4273-aefa-f8386f9ac125/0025,0
05ccd11f-9082-4273-aefa-f8386f9ac125/0026,0
05ccd11f-9082-4273-aefa-f8386f9ac125/0027,0
05ccd11f-9082-4273-aefa-f8386f9ac125/0028,0
05ccd11f-9082-4273-aefa-f8386f9ac125/0029,0
05ccd11f-9082-4273-aefa-f8386f9ac125/0030,0
05ccd11f-9082-4273-aefa-f8386f9ac125/0031,0
05ccd11f-9082-4273-aefa-f8386f9ac125/0032,0
05ccd11f-9082-4273-aefa-f8386f9ac125/0033,0
05ccd11f-9082-4273-aefa-f8386f9ac125/0034,0
05ccd11f-9082-4273-aefa-f8386f9ac125/0035,0
05ccd11f-9082-4273-aefa-f8386f9ac125/0036,0
05ccd11f-9082-4273-aefa-f8386f9ac125/0037,0
05ccd11f-9082-4273-aefa-f8386f9ac125/0038,0
05ccd11f-9082-4273-aefa-f8386f9ac125/0039,0
05ccd11f-9082-4273-aefa-f8386f9ac125/0040,0
05ccd11f-9082-4273-aefa-f8386f9ac125/0041,0
05ccd11f-9082-4273-aefa-f8386f9ac125/0042,0
05ccd11f-9082-4273-aefa-f8386f9ac125/0043,0
05ccd11f-9082-4273-aefa-f8386f9ac125/0044,0
05ccd11f-9082-4273-aefa-f8386f9ac125/0045,0
05ccd11f-9082-4273-aefa-f8386f9ac125/0046,0
05ccd11f-9082-4273-aefa-f8386f9ac125/0047,0
05ccd11f-9082-4273-aefa-f8386f9ac125/0048,0
05ccd11f-9082-4273-aefa-f8386f9ac125/0049,0
05ccd11f-9082-4273-aefa-f8386f9ac125/0050,0
05ccd11f-9082-4273-aefa-f8386f9ac125/0051,0
05ccd11f-9082-4273-aefa-f8386f9ac125/0052,0
05ccd11f-9082-4273-aefa-f8386f9ac125/0053,0
05ccd11f-9082-4273-aefa-f8386f9ac125/0054,0
05ccd11f-9082-4273-aefa-f8386f9ac125/0055,0
05ccd11f-9082-4273-aefa-f8386f9ac125/0056,0
05ccd11f-9082-4273-aefa-f8386f9ac125/0057,0
1d954255-b8d3-42f4-9e47-2cc32c4cb5ce/0000,0
1d954255-b8d3-42f4-9e47-2cc32c4cb5ce/0001,0
1d954255-b8d3-42f4-9e47-2cc32c4cb5ce/0002,0
1d954255-b8d3-42f4-9e47-2cc32c4cb5ce/0003,0
1d954255-b8d3-42f4-9e47-2cc32c4cb5ce/0004,0
1d954255-b8d3-42f4-9e47-2cc32c4cb5ce/0005,0
1d954255-b8d3-42f4-9e47-2cc32c4cb5ce/0006,0
1d954255-b8d3-42f4-9e47-2cc32c4cb5ce/0007,0
1d954255-b8d3-42f4-9e47-2cc32c4cb5ce/0008,0
1d954255-b8d3-42f4-9e47-2cc32c4cb5ce/0009,0
1d954255-b8d3-42f4-9e47-2cc32c4cb5ce/0010,0
1d954255-b8d3-42f4-9e47-2cc32c4cb5ce/0011,0
1d954255-b8d3-42f4-9e47-2cc32c4cb5ce/0012,0
1d954255-b8d3-42f4-9e47-2cc32c4cb5ce/0013,0
1d954255-b8d3-42f4-9e47-2cc32c4cb5ce/0014,0
1d954255-b8d3-42f4-9e47-2cc32c4cb5ce/0015,0
1d954255-b8d3-42f4-9e47-2cc32c4cb5ce/0016,0
1d954255-b8d3-42f4-9e47-2cc32c4cb5ce/0017,0
1d954255-b8d3-42f4-9e47-2cc32c4cb5ce/0018,0
1d954255-b8d3-42f4-9e47-2cc32c4cb5ce/0019,0
1d954255-b8d3-42f4-9e47-2cc32c4cb5ce/0020,0
1d954255-b8d3-42f4-9e47-2cc32c4cb5ce/0021,0
1d954255-b8d3-42f4-9e47-2cc32c4cb5ce/0022,0
1d954255-b8d3-42f4-9e47-2cc32c4cb5ce/0023,0
1d954255-b8d3-42f4-9e47-2cc32c4cb5ce/0024,0
1d954255-b8d3-42f4-9e47-2cc32c4cb5ce/0025,0
1d954255-b8d3-42f4-9e47-2cc32c4cb5ce/0026,0
1d954255-b8d3-42f4-9e47-2cc32c4cb5ce/0027,0
1d954255-b8d3-42f4-9e47-2cc32c4cb5ce/0028,0
1d954255-b8d3-42f4-9e47-2cc32c4cb5ce/0029,0
1d954255-b8d3-42f4-9e47-2cc32c4cb5ce/0030,0
1d954255-b8d3-42f4-9e47-2cc32c4cb5ce/0031,0
1d954255-b8d3-42f4-9e47-2cc32c4cb5ce/0032,0
1d954255-b8d3-42f4-9e47-2cc32c4cb5ce/0033,0
1d954255-b8d3-42f4-9e47-2cc32c4cb5ce/0034,0
1d954255-b8d3-42f4-9e47-2cc32c4cb5ce/0035,0
1d954255-b8d3-42f4-9e47-2cc32c4cb5ce/0036,0
21466ee9-c1b6-4699-afcc-84128f8d0b1e/0000,0
21466ee9-c1b6-4699-afcc-84128f8d0b1e/0001,0
21466ee9-c1b6-4699-afcc-84128f8d0b1e/0002,0
21466ee9-c1b6-4699-afcc-84128f8d0b1e/0003,0
21466ee9-c1b6-4699-afcc-84128f8d0b1e/0004,0
21466ee9-c1b6-4699-afcc-84128f8d0b1e/0005,0
21466ee9-c1b6-4699-afcc-84128f8d0b1e/0006,0
21466ee9-c1b6-4699-afcc-84128f8d0b1e/0007,0
21466ee9-c1b6-4699-afcc-84128f8d0b1e/0008,0
21466ee9-c1b6-4699-afcc-84128f8d0b1e/0009,0
21466ee9-c1b6-4699-afcc-84128f8d0b1e/0010,0
21466ee9-c1b6-4699-afcc-84128f8d0b1e/0011,0
21466ee9-c1b6-4699-afcc-84128f8d0b1e/0012,0
21466ee9-c1b6-4699-afcc-84128f8d0b1e/0013,0
21466ee9-c1b6-4699-afcc-84128f8d0b1e/0014,0
21466ee9-c1b6-4699-afcc-84128f8d0b1e/0015,0
21466ee9-c1b6-4699-afcc-84128f8d0b1e/0016,0
21466ee9-c1b6-4699-afcc-84128f8d0b1e/0017,0
21466ee9-c1b6-4699-afcc-84128f8d0b1e/0018,0
21466ee9-c1b6-4699-afcc-84128f8d0b1e/0019,0
21466ee9-c1b6-4699-afcc-84128f8d0b1e/0020,0
21466ee9-c1b6-4699-afcc-84128f8d0b1e/0021,0
21466ee9-c1b6-4699-afcc-84128f8d0b1e/0022,0
21466ee9-c1b6-4699-afcc-84128f8d0b1e/0023,0
21466ee9-c1b6-4699-afcc-84128f8d0b1e/0024,0
21466ee9-c1b6-4699-afcc-84128f8d0b1e/0025,0
21466ee9-c1b6-4699-afcc-84128f8d0b1e/0026,0
21466ee9-c1b6-4699-afcc-84128f8d0b1e/0027,0
21466ee9-c1b6-4699-afcc-84128f8d0b1e/0028,0
21466ee9-c1b6-4699-afcc-84128f8d0b1e/0029,0
21466ee9-c1b6-4699-afcc-84128f8d0b1e/0030,0
21466ee9-c1b6-4699-afcc-84128f8d0b1e/0031,0
21466ee9-c1b6-4699-afcc-84128f8d0b1e/0032,0
21466ee9-c1b6-4699-afcc-84128f8d0b1e/0033,0
21466ee9-c1b6-4699-afcc-84128f8d0b1e/0034,0
21466ee9-c1b6-4699-afcc-84128f8d0b1e/0035,0
21466ee9-c1b6-4699-afcc-84128f8d0b1e/0036,0
21466ee9-c1b6-4699-afcc-84128f8d0b1e/0037,0
21466ee9-c1b6-4699-afcc-84128f8d0b1e/0038,0
21466ee9-c1b6-4699-afcc-84128f8d0b1e/0039,0
21466ee9-c1b6-4699-afcc-84128f8d0b1e/0040,0
21466ee9-c1b6-4699-afcc-84128f8d0b1e/0041,0
268e7603-8bb4-4909-ad83-2962513382d4/0000,0
268e7603-8bb4-4909-ad83-2962513382d4/0001,0
268e7603-8bb4-4909-ad83-2962513382d4/0002,0
268e7603-8bb4-4909-ad83-2962513382d4/0003,0
268e7603-8bb4-4909-ad83-2962513382d4/0004,0
268e7603-8bb4-4909-ad83-2962513382d4/0005,0
268e7603-8bb4-4909-ad83-2962513382d4/0006,0
268e7603-8bb4-4909-ad83-2962513382d4/0007,0
268e7603-8bb4-4909-ad83-2962513382d4/0008,0
268e7603-8bb4-4909-ad83-2962513382d4/0009,0
268e7603-8bb4-4909-ad83-2962513382d4/0010,0
268e7603-8bb4-4909-ad83-2962513382d4/0011,0
268e7603-8bb4-4909-ad83-2962513382d4/0012,0
268e7603-8bb4-4909-ad83-2962513382d4/0013,0
268e7603-8bb4-4909-ad83-2962513382d4/0014,0
268e7603-8bb4-4909-ad83-2962513382d4/0015,0
268e7603-8bb4-4909-ad83-2962513382d4/0016,0
268e7603-8bb4-4909-ad83-2962513382d4/0017,0
268e7603-8bb4-4909-ad83-2962513382d4/0018,0
268e7603-8bb4-4909-ad83-2962513382d4/0019,0
268e7603-8bb4-4909-ad83-2962513382d4/0020,0
268e7603-8bb4-4909-ad83-2962513382d4/0021,0
268e7603-8bb4-4909-ad83-2962513382d4/0022,0
268e7603-8bb4-4909-ad83-2962513382d4/0023,0
268e7603-8bb4-4909-ad83-2962513382d4/0024,0
268e7603-8bb4-4909-ad83-2962513382d4/0025,0
268e7603-8bb4-4909-ad83-2962513382d4/0026,0
268e7603-8bb4-4909-ad83-2962513382d4/0027,0
268e7603-8bb4-4909-ad83-2962513382d4/0028,0
268e7603-8bb4-4909-ad83-2962513382d4/0029,0
268e7603-8bb4-4909-ad83-2962513382d4/0030,0
268e7603-8bb4-4909-ad83-2962513382d4/0031,0
268e7603-8bb4-4909-ad83-2962513382d4/0032,0
268e7603-8bb4-4909-ad83-2962513382d4/0033,0
268e7603-8bb4-4909-ad83-2962513382d4/0034,0
268e7603-8bb4-4909-ad83-2962513382d4/0035,0
268e7603-8bb4-4909-ad83-2962513382d4/0036,0
268e7603-8bb4-4909-ad83-2962513382d4/0037,0
268e7603-8bb4-4909-ad83-2962513382d4/0038,0
268e7603-8bb4-4909-ad83-2962513382d4/0039,0
268e7603-8bb4-4909-ad83-2962513382d4/0040,0
268e7603-8bb4-4909-ad83-2962513382d4/0041,0
2b0b4d7d-2d10-46c6-b81d-6a7ec08ad6a9/0000,0
2b0b4d7d-2d10-46c6-b81d-6a7ec08ad6a9/0001,0
2b0b4d7d-2d10-46c6-b81d-6a7ec08ad6a9/0002,0
2b0b4d7d-2d10-46c6-b81d-6a7ec08ad6a9/0003,0
2b0b4d7d-2d10-46c6-b81d-6a7ec08ad6a9/0004,0
2b0b4d7d-2d10-46c6-b81d-6a7ec08ad6a9/0005,0
2b0b4d7d-2d10-46c6-b81d-6a7ec08ad6a9/0006,0
2b0b4d7d-2d10-46c6-b81d-6a7ec08ad6a9/0007,0
2b0b4d7d-2d10-46c6-b81d-6a7ec08ad6a9/0008,0
2b0b4d7d-2d10-46c6-b81d-6a7ec08ad6a9/0009,0
2b0b4d7d-2d10-46c6-b81d-6a7ec08ad6a9/0010,0
2b0b4d7d-2d10-46c6-b81d-6a7ec08ad6a9/0011,0
2b0b4d7d-2d10-46c6-b81d-6a7ec08ad6a9/0012,0
2b0b4d7d-2d10-46c6-b81d-6a7ec08ad6a9/0013,0
2b0b4d7d-2d10-46c6-b81d-6a7ec08ad6a9/0014,0
2b0b4d7d-2d10-46c6-b81d-6a7ec08ad6a9/0015,0
2b0b4d7d-2d10-46c6-b81d-6a7ec08ad6a9/0016,0
2b0b4d7d-2d10-46c6-b81d-6a7ec08ad6a9/0017,0
2b0b4d7d-2d10-46c6-b81d-6a7ec08ad6a9/0018,0
2b0b4d7d-2d10-46c6-b81d-6a7ec08ad6a9/0019,0
2b0b4d7d-2d10-46c6-b81d-6a7ec08ad6a9/0020,0
2b0b4d7d-2d10-46c6-b81d-6a7ec08ad6a9/0021,0
2b0b4d7d-2d10-46c6-b81d-6a7ec08ad6a9/0022,0
2b0b4d7d-2d10-46c6-b81d-6a7ec08ad6a9/0023,0
2b0b4d7d-2d10-46c6-b81d-6a7ec08ad6a9/0024,0
33258271-d00b-47bb-a09a-4db79a4717e0/0000,0
33258271-d00b-47bb-a09a-4db79a4717e0/0001,0
33258271-d00b-47bb-a09a-4db79a4717e0/0002,0
33258271-d00b-47bb-a09a-4db79a4717e0/0003,0
33258271-d00b-47bb-a09a-4db79a4717e0/0004,0
33258271-d00b-47bb-a09a-4db79a4717e0/0005,0
33258271-d00b-47bb-a09a-4db79a4717e0/0006,0
33258271-d00b-47bb-a09a-4db79a4717e0/0007,0
33258271-d00b-47bb-a09a-4db79a4717e0/0008,0
33258271-d00b-47bb-a09a-4db79a4717e0/0009,0
33258271-d00b-47bb-a09a-4db79a4717e0/0010,0
33258271-d00b-47bb-a09a-4db79a4717e0/0011,0
33258271-d00b-47bb-a09a-4db79a4717e0/0012,0
33258271-d00b-47bb-a09a-4db79a4717e0/0013,0
33258271-d00b-47bb-a09a-4db79a4717e0/0014,0
33258271-d00b-47bb-a09a-4db79a4717e0/0015,0
33258271-d00b-47bb-a09a-4db79a4717e0/0016,0
33258271-d00b-47bb-a09a-4db79a4717e0/0017,0
33258271-d00b-47bb-a09a-4db79a4717e0/0018,0
33258271-d00b-47bb-a09a-4db79a4717e0/0019,0
33258271-d00b-47bb-a09a-4db79a4717e0/0020,0
33258271-d00b-47bb-a09a-4db79a4717e0/0021,0
33258271-d00b-47bb-a09a-4db79a4717e0/0022,0
33258271-d00b-47bb-a09a-4db79a4717e0/0023,0
33258271-d00b-47bb-a09a-4db79a4717e0/0024,0
33258271-d00b-47bb-a09a-4db79a4717e0/0025,0
33258271-d00b-47bb-a09a-4db79a4717e0/0026,0
33258271-d00b-47bb-a09a-4db79a4717e0/0027,0
33258271-d00b-47bb-a09a-4db79a4717e0/0028,0
33258271-d00b-47bb-a09a-4db79a4717e0/0029,0
43125b79-258a-42c8-8572-fcad85e3c3be/0000,0
43125b79-258a-42c8-8572-fcad85e3c3be/0001,0
43125b79-258a-42c8-8572-fcad85e3c3be/0002,0
43125b79-258a-42c8-8572-fcad85e3c3be/0003,0
43125b79-258a-42c8-8572-fcad85e3c3be/0004,0
43125b79-258a-42c8-8572-fcad85e3c3be/0005,0
43125b79-258a-42c8-8572-fcad85e3c3be/0006,0
43125b79-258a-42c8-8572-fcad85e3c3be/0007,0
43125b79-258a-42c8-8572-fcad85e3c3be/0008,0
43125b79-258a-42c8-8572-fcad85e3c3be/0009,0
43125b79-258a-42c8-8572-fcad85e3c3be/0010,0
43125b79-258a-42c8-8572-fcad85e3c3be/0011,0
43125b79-258a-42c8-8572-fcad85e3c3be/0012,0
43125b79-258a-42c8-8572-fcad85e3c3be/0013,0
43125b79-258a-42c8-8572-fcad85e3c3be/0014,0
43125b79-258a-42c8-8572-fcad85e3c3be/0015,0
43125b79-258a-42c8-8572-fcad85e3c3be/0016,0
43125b79-258a-42c8-8572-fcad85e3c3be/0017,0
43125b79-258a-42c8-8572-fcad85e3c3be/0018,0
43125b79-258a-42c8-8572-fcad85e3c3be/0019,0
43125b79-258a-42c8-8572-fcad85e3c3be/0020,0
43125b79-258a-42c8-8572-fcad85e3c3be/0021,0
43125b79-258a-42c8-8572-fcad85e3c3be/0022,0
4819ef9e-e93e-479b-a613-dca8f9be3d45/0000,0
4819ef9e-e93e-479b-a613-dca8f9be3d45/0001,0
4819ef9e-e93e-479b-a613-dca8f9be3d45/0002,0
4819ef9e-e93e-479b-a613-dca8f9be3d45/0003,0
4819ef9e-e93e-479b-a613-dca8f9be3d45/0004,0
4819ef9e-e93e-479b-a613-dca8f9be3d45/0005,0
4819ef9e-e93e-479b-a613-dca8f9be3d45/0006,0
4819ef9e-e93e-479b-a613-dca8f9be3d45/0007,0
4819ef9e-e93e-479b-a613-dca8f9be3d45/0008,0
4b19b5e5-260b-4fbc-83c2-f24eeacdcc64/0000,0
4b19b5e5-260b-4fbc-83c2-f24eeacdcc64/0001,0
4b19b5e5-260b-4fbc-83c2-f24eeacdcc64/0002,0
4b19b5e5-260b-4fbc-83c2-f24eeacdcc64/0003,0
4b19b5e5-260b-4fbc-83c2-f24eeacdcc64/0004,0
4b19b5e5-260b-4fbc-83c2-f24eeacdcc64/0005,0
4b19b5e5-260b-4fbc-83c2-f24eeacdcc64/0006,0
4b19b5e5-260b-4fbc-83c2-f24eeacdcc64/0007,0
4b19b5e5-260b-4fbc-83c2-f24eeacdcc64/0008,0
4b19b5e5-260b-4fbc-83c2-f24eeacdcc64/0009,0
4b19b5e5-260b-4fbc-83c2-f24eeacdcc64/0010,0
4b19b5e5-260b-4fbc-83c2-f24eeacdcc64/0011,0
4b19b5e5-260b-4fbc-83c2-f24eeacdcc64/0012,0
4b19b5e5-260b-4fbc-83c2-f24eeacdcc64/0013,0
4b19b5e5-260b-4fbc-83c2-f24eeacdcc64/0014,0
4b19b5e5-260b-4fbc-83c2-f24eeacdcc64/0015,0
4b19b5e5-260b-4fbc-83c2-f24eeacdcc64/0016,0
4b19b5e5-260b-4fbc-83c2-f24eeacdcc64/0017,0
4b19b5e5-260b-4fbc-83c2-f24eeacdcc64/0018,0
4b19b5e5-260b-4fbc-83c2-f24eeacdcc64/0019,0
4b19b5e5-260b-4fbc-83c2-f24eeacdcc64/0020,0
4b19b5e5-260b-4fbc-83c2-f24eeacdcc64/0021,0
4b19b5e5-260b-4fbc-83c2-f24eeacdcc64/0022,0
4b19b5e5-260b-4fbc-83c2-f24eeacdcc64/0023,0
4b19b5e5-260b-4fbc-83c2-f24eeacdcc64/0024,0
4bdadb60-87ad-4a69-92a0-8d99e2fe3a51/0000,0
4bdadb60-87ad-4a69-92a0-8d99e2fe3a51/0001,0
4bdadb60-87ad-4a69-92a0-8d99e2fe3a51/0002,0
4bdadb60-87ad-4a69-92a0-8d99e2fe3a51/0003,0
4bdadb60-87ad-4a69-92a0-8d99e2fe3a51/0004,0
4bdadb60-87ad-4a69-92a0-8d99e2fe3a51/0005,0
4bdadb60-87ad-4a69-92a0-8d99e2fe3a51/0006,0
4bdadb60-87ad-4a69-92a0-8d99e2fe3a51/0007,0
4bdadb60-87ad-4a69-92a0-8d99e2fe3a51/0008,0
4bdadb60-87ad-4a69-92a0-8d99e2fe3a51/0009,0
4bdadb60-87ad-4a69-92a0-8d99e2fe3a51/0010,0
4bdadb60-87ad-4a69-92a0-8d99e2fe3a51/0011,0
4bdadb60-87ad-4a69-92a0-8d99e2fe3a51/0012,0
4bdadb60-87ad-4a69-92a0-8d99e2fe3a51/0013,0
4bdadb60-87ad-4a69-92a0-8d99e2fe3a51/0014,0
4bdadb60-87ad-4a69-92a0-8d99e2fe3a51/0015,0
55bfa58c-415e-443e-aaa0-c6716f66f780/0000,0
55bfa58c-415e-443e-aaa0-c6716f66f780/0001,0
55bfa58c-415e-443e-aaa0-c6716f66f780/0002,0
55bfa58c-415e-443e-aaa0-c6716f66f780/0003,0
55bfa58c-415e-443e-aaa0-c6716f66f780/0004,0
55bfa58c-415e-443e-aaa0-c6716f66f780/0005,0
55bfa58c-415e-443e-aaa0-c6716f66f780/0006,0
55bfa58c-415e-443e-aaa0-c6716f66f780/0007,0
55bfa58c-415e-443e-aaa0-c6716f66f780/0008,0
55bfa58c-415e-443e-aaa0-c6716f66f780/0009,0
55bfa58c-415e-443e-aaa0-c6716f66f780/0010,0
55bfa58c-415e-443e-aaa0-c6716f66f780/0011,0
55bfa58c-415e-443e-aaa0-c6716f66f780/0012,0
55bfa58c-415e-443e-aaa0-c6716f66f780/0013,0
55bfa58c-415e-443e-aaa0-c6716f66f780/0014,0
55bfa58c-415e-443e-aaa0-c6716f66f780/0015,0
55bfa58c-415e-443e-aaa0-c6716f66f780/0016,0
55bfa58c-415e-443e-aaa0-c6716f66f780/0017,0
55bfa58c-415e-443e-aaa0-c6716f66f780/0018,0
55bfa58c-415e-443e-aaa0-c6716f66f780/0019,0
55bfa58c-415e-443e-aaa0-c6716f66f780/0020,0
55bfa58c-415e-443e-aaa0-c6716f66f780/0021,0
55bfa58c-415e-443e-aaa0-c6716f66f780/0022,0
55bfa58c-415e-443e-aaa0-c6716f66f780/0023,0
55bfa58c-415e-443e-aaa0-c6716f66f780/0024,0
55bfa58c-415e-443e-aaa0-c6716f66f780/0025,0
55bfa58c-415e-443e-aaa0-c6716f66f780/0026,0
55bfa58c-415e-443e-aaa0-c6716f66f780/0027,0
55bfa58c-415e-443e-aaa0-c6716f66f780/0028,0
55bfa58c-415e-443e-aaa0-c6716f66f780/0029,0
55bfa58c-415e-443e-aaa0-c6716f66f780/0030,0
55bfa58c-415e-443e-aaa0-c6716f66f780/0031,0
55bfa58c-415e-443e-aaa0-c6716f66f780/0032,0
55bfa58c-415e-443e-aaa0-c6716f66f780/0033,0
55bfa58c-415e-443e-aaa0-c6716f66f780/0034,0
55bfa58c-415e-443e-aaa0-c6716f66f780/0035,0
55bfa58c-415e-443e-aaa0-c6716f66f780/0036,0
55bfa58c-415e-443e-aaa0-c6716f66f780/0037,0
55bfa58c-415e-443e-aaa0-c6716f66f780/0038,0
55bfa58c-415e-443e-aaa0-c6716f66f780/0039,0
55bfa58c-415e-443e-aaa0-c6716f66f780/0040,0
55bfa58c-415e-443e-aaa0-c6716f66f780/0041,0
55bfa58c-415e-443e-aaa0-c6716f66f780/0042,0
55bfa58c-415e-443e-aaa0-c6716f66f780/0043,0
55bfa58c-415e-443e-aaa0-c6716f66f780/0044,0
55bfa58c-415e-443e-aaa0-c6716f66f780/0045,0
55bfa58c-415e-443e-aaa0-c6716f66f780/0046,0
55bfa58c-415e-443e-aaa0-c6716f66f780/0047,0
55bfa58c-415e-443e-aaa0-c6716f66f780/0048,0
55bfa58c-415e-443e-aaa0-c6716f66f780/0049,0
55bfa58c-415e-443e-aaa0-c6716f66f780/0050,0
55bfa58c-415e-443e-aaa0-c6716f66f780/0051,0
55bfa58c-415e-443e-aaa0-c6716f66f780/0052,0
55bfa58c-415e-443e-aaa0-c6716f66f780/0053,0
55bfa58c-415e-443e-aaa0-c6716f66f780/0054,0
55bfa58c-415e-443e-aaa0-c6716f66f780/0055,0
561f3498-8181-4eca-bfda-5f3d61ba76ef/0000,0
561f3498-8181-4eca-bfda-5f3d61ba76ef/0001,0
561f3498-8181-4eca-bfda-5f3d61ba76ef/0002,0
561f3498-8181-4eca-bfda-5f3d61ba76ef/0003,0
561f3498-8181-4eca-bfda-5f3d61ba76ef/0004,0
561f3498-8181-4eca-bfda-5f3d61ba76ef/0005,0
561f3498-8181-4eca-bfda-5f3d61ba76ef/0006,0
561f3498-8181-4eca-bfda-5f3d61ba76ef/0007,0
561f3498-8181-4eca-bfda-5f3d61ba76ef/0008,0
561f3498-8181-4eca-bfda-5f3d61ba76ef/0009,0
561f3498-8181-4eca-bfda-5f3d61ba76ef/0010,0
561f3498-8181-4eca-bfda-5f3d61ba76ef/0011,0
561f3498-8181-4eca-bfda-5f3d61ba76ef/0012,0
561f3498-8181-4eca-bfda-5f3d61ba76ef/0013,0
561f3498-8181-4eca-bfda-5f3d61ba76ef/0014,0
561f3498-8181-4eca-bfda-5f3d61ba76ef/0015,0
561f3498-8181-4eca-bfda-5f3d61ba76ef/0016,0
561f3498-8181-4eca-bfda-5f3d61ba76ef/0017,0
561f3498-8181-4eca-bfda-5f3d61ba76ef/0018,0
561f3498-8181-4eca-bfda-5f3d61ba76ef/0019,0
561f3498-8181-4eca-bfda-5f3d61ba76ef/0020,0
561f3498-8181-4eca-bfda-5f3d61ba76ef/0021,0
561f3498-8181-4eca-bfda-5f3d61ba76ef/0022,0
561f3498-8181-4eca-bfda-5f3d61ba76ef/0023,0
561f3498-8181-4eca-bfda-5f3d61ba76ef/0024,0
561f3498-8181-4eca-bfda-5f3d61ba76ef/0025,0
561f3498-8181-4eca-bfda-5f3d61ba76ef/0026,0
561f3498-8181-4eca-bfda-5f3d61ba76ef/0027,0
561f3498-8181-4eca-bfda-5f3d61ba76ef/0028,0
561f3498-8181-4eca-bfda-5f3d61ba76ef/0029,0
561f3498-8181-4eca-bfda-5f3d61ba76ef/0030,0
561f3498-8181-4eca-bfda-5f3d61ba76ef/0031,0
561f3498-8181-4eca-bfda-5f3d61ba76ef/0032,0
561f3498-8181-4eca-bfda-5f3d61ba76ef/0033,0
561f3498-8181-4eca-bfda-5f3d61ba76ef/0034,0
561f3498-8181-4eca-bfda-5f3d61ba76ef/0035,0
561f3498-8181-4eca-bfda-5f3d61ba76ef/0036,0
561f3498-8181-4eca-bfda-5f3d61ba76ef/0037,0
58e8bf48-c131-42fb-b5f6-f63e6dc09483/0000,0
58e8bf48-c131-42fb-b5f6-f63e6dc09483/0001,0
58e8bf48-c131-42fb-b5f6-f63e6dc09483/0002,0
58e8bf48-c131-42fb-b5f6-f63e6dc09483/0003,0
58e8bf48-c131-42fb-b5f6-f63e6dc09483/0004,0
58e8bf48-c131-42fb-b5f6-f63e6dc09483/0005,0
58e8bf48-c131-42fb-b5f6-f63e6dc09483/0006,0
58e8bf48-c131-42fb-b5f6-f63e6dc09483/0007,0
58e8bf48-c131-42fb-b5f6-f63e6dc09483/0008,0
58e8bf48-c131-42fb-b5f6-f63e6dc09483/0009,0
58e8bf48-c131-42fb-b5f6-f63e6dc09483/0010,0
58e8bf48-c131-42fb-b5f6-f63e6dc09483/0011,0
58e8bf48-c131-42fb-b5f6-f63e6dc09483/0012,0
58e8bf48-c131-42fb-b5f6-f63e6dc09483/0013,0
597b5172-e412-4827-9b78-6b3585569148/0000,0
597b5172-e412-4827-9b78-6b3585569148/0001,0
597b5172-e412-4827-9b78-6b3585569148/0002,0
59f19071-a9b1-4de8-b7fd-2a862d2ae674/0000,0
59f19071-a9b1-4de8-b7fd-2a862d2ae674/0001,0
59f19071-a9b1-4de8-b7fd-2a862d2ae674/0002,0
59f19071-a9b1-4de8-b7fd-2a862d2ae674/0003,0
59f19071-a9b1-4de8-b7fd-2a862d2ae674/0004,0
59f19071-a9b1-4de8-b7fd-2a862d2ae674/0005,0
59f19071-a9b1-4de8-b7fd-2a862d2ae674/0006,0
59f19071-a9b1-4de8-b7fd-2a862d2ae674/0007,0
59f19071-a9b1-4de8-b7fd-2a862d2ae674/0008,0
59f19071-a9b1-4de8-b7fd-2a862d2ae674/0009,0
59f19071-a9b1-4de8-b7fd-2a862d2ae674/0010,0
59f19071-a9b1-4de8-b7fd-2a862d2ae674/0011,0
59f19071-a9b1-4de8-b7fd-2a862d2ae674/0012,0
59f19071-a9b1-4de8-b7fd-2a862d2ae674/0013,0
59f19071-a9b1-4de8-b7fd-2a862d2ae674/0014,0
59f19071-a9b1-4de8-b7fd-2a862d2ae674/0015,0
59f19071-a9b1-4de8-b7fd-2a862d2ae674/0016,0
59f19071-a9b1-4de8-b7fd-2a862d2ae674/0017,0
59f19071-a9b1-4de8-b7fd-2a862d2ae674/0018,0
59f19071-a9b1-4de8-b7fd-2a862d2ae674/0019,0
59f19071-a9b1-4de8-b7fd-2a862d2ae674/0020,0
59f19071-a9b1-4de8-b7fd-2a862d2ae674/0021,0
59f19071-a9b1-4de8-b7fd-2a862d2ae674/0022,0
59f19071-a9b1-4de8-b7fd-2a862d2ae674/0023,0
59f19071-a9b1-4de8-b7fd-2a862d2ae674/0024,0
59f19071-a9b1-4de8-b7fd-2a862d2ae674/0025,0
59f19071-a9b1-4de8-b7fd-2a862d2ae674/0026,0
59f19071-a9b1-4de8-b7fd-2a862d2ae674/0027,0
59f19071-a9b1-4de8-b7fd-2a862d2ae674/0028,0
59f19071-a9b1-4de8-b7fd-2a862d2ae674/0029,0
59f19071-a9b1-4de8-b7fd-2a862d2ae674/0030,0
59f19071-a9b1-4de8-b7fd-2a862d2ae674/0031,0
59f19071-a9b1-4de8-b7fd-2a862d2ae674/0032,0
59f19071-a9b1-4de8-b7fd-2a862d2ae674/0033,0
59f19071-a9b1-4de8-b7fd-2a862d2ae674/0034,0
59f19071-a9b1-4de8-b7fd-2a862d2ae674/0035,0
59f19071-a9b1-4de8-b7fd-2a862d2ae674/0036,0
59f19071-a9b1-4de8-b7fd-2a862d2ae674/0037,0
59f19071-a9b1-4de8-b7fd-2a862d2ae674/0038,0
59f19071-a9b1-4de8-b7fd-2a862d2ae674/0039,0
59f19071-a9b1-4de8-b7fd-2a862d2ae674/0040,0
5d07a8d5-1fed-47ef-8bb7-a6074763e09e/0000,0
5d07a8d5-1fed-47ef-8bb7-a6074763e09e/0001,0
5d07a8d5-1fed-47ef-8bb7-a6074763e09e/0002,0
5d07a8d5-1fed-47ef-8bb7-a6074763e09e/0003,0
5d07a8d5-1fed-47ef-8bb7-a6074763e09e/0004,0
5d07a8d5-1fed-47ef-8bb7-a6074763e09e/0005,0
5d07a8d5-1fed-47ef-8bb7-a6074763e09e/0006,0
5d07a8d5-1fed-47ef-8bb7-a6074763e09e/0007,0
5d07a8d5-1fed-47ef-8bb7-a6074763e09e/0008,0
5d07a8d5-1fed-47ef-8bb7-a6074763e09e/0009,0
5d07a8d5-1fed-47ef-8bb7-a6074763e09e/0010,0
5d07a8d5-1fed-47ef-8bb7-a6074763e09e/0011,0
5d07a8d5-1fed-47ef-8bb7-a6074763e09e/0012,0
5d07a8d5-1fed-47ef-8bb7-a6074763e09e/0013,0
5d07a8d5-1fed-47ef-8bb7-a6074763e09e/0014,0
5d07a8d5-1fed-47ef-8bb7-a6074763e09e/0015,0
5d07a8d5-1fed-47ef-8bb7-a6074763e09e/0016,0
5d07a8d5-1fed-47ef-8bb7-a6074763e09e/0017,0
5d07a8d5-1fed-47ef-8bb7-a6074763e09e/0018,0
5d07a8d5-1fed-47ef-8bb7-a6074763e09e/0019,0
5d07a8d5-1fed-47ef-8bb7-a6074763e09e/0020,0
5d07a8d5-1fed-47ef-8bb7-a6074763e09e/0021,0
5d07a8d5-1fed-47ef-8bb7-a6074763e09e/0022,0
5d07a8d5-1fed-47ef-8bb7-a6074763e09e/0023,0
5d07a8d5-1fed-47ef-8bb7-a6074763e09e/0024,0
5d07a8d5-1fed-47ef-8bb7-a6074763e09e/0025,0
5d07a8d5-1fed-47ef-8bb7-a6074763e09e/0026,0
5d07a8d5-1fed-47ef-8bb7-a6074763e09e/0027,0
5d07a8d5-1fed-47ef-8bb7-a6074763e09e/0028,0
5d07a8d5-1fed-47ef-8bb7-a6074763e09e/0029,0
5d07a8d5-1fed-47ef-8bb7-a6074763e09e/0030,0
5d07a8d5-1fed-47ef-8bb7-a6074763e09e/0031,0
5d07a8d5-1fed-47ef-8bb7-a6074763e09e/0032,0
5d07a8d5-1fed-47ef-8bb7-a6074763e09e/0033,0
5d07a8d5-1fed-47ef-8bb7-a6074763e09e/0034,0
5d07a8d5-1fed-47ef-8bb7-a6074763e09e/0035,0
5d07a8d5-1fed-47ef-8bb7-a6074763e09e/0036,0
5d07a8d5-1fed-47ef-8bb7-a6074763e09e/0037,0
5d07a8d5-1fed-47ef-8bb7-a6074763e09e/0038,0
5d07a8d5-1fed-47ef-8bb7-a6074763e09e/0039,0
5d07a8d5-1fed-47ef-8bb7-a6074763e09e/0040,0
5d07a8d5-1fed-47ef-8bb7-a6074763e09e/0041,0
5d07a8d5-1fed-47ef-8bb7-a6074763e09e/0042,0
5d07a8d5-1fed-47ef-8bb7-a6074763e09e/0043,0
5d07a8d5-1fed-47ef-8bb7-a6074763e09e/0044,0
5d07a8d5-1fed-47ef-8bb7-a6074763e09e/0045,0
5d07a8d5-1fed-47ef-8bb7-a6074763e09e/0046,0
5d07a8d5-1fed-47ef-8bb7-a6074763e09e/0047,0
5d07a8d5-1fed-47ef-8bb7-a6074763e09e/0048,0
6662fdd2-4512-4fce-84b0-717edcd5f54c/0000,0
6662fdd2-4512-4fce-84b0-717edcd5f54c/0001,0
6662fdd2-4512-4fce-84b0-717edcd5f54c/0002,0
6662fdd2-4512-4fce-84b0-717edcd5f54c/0003,0
6662fdd2-4512-4fce-84b0-717edcd5f54c/0004,0
6662fdd2-4512-4fce-84b0-717edcd5f54c/0005,0
6662fdd2-4512-4fce-84b0-717edcd5f54c/0006,0
6662fdd2-4512-4fce-84b0-717edcd5f54c/0007,0
6662fdd2-4512-4fce-84b0-717edcd5f54c/0008,0
6662fdd2-4512-4fce-84b0-717edcd5f54c/0009,0
6662fdd2-4512-4fce-84b0-717edcd5f54c/0010,0
6662fdd2-4512-4fce-84b0-717edcd5f54c/0011,0
6662fdd2-4512-4fce-84b0-717edcd5f54c/0012,0
6662fdd2-4512-4fce-84b0-717edcd5f54c/0013,0
6662fdd2-4512-4fce-84b0-717edcd5f54c/0014,0
6662fdd2-4512-4fce-84b0-717edcd5f54c/0015,0
6662fdd2-4512-4fce-84b0-717edcd5f54c/0016,0
6662fdd2-4512-4fce-84b0-717edcd5f54c/0017,0
6662fdd2-4512-4fce-84b0-717edcd5f54c/0018,0
6662fdd2-4512-4fce-84b0-717edcd5f54c/0019,0
6662fdd2-4512-4fce-84b0-717edcd5f54c/0020,0
6662fdd2-4512-4fce-84b0-717edcd5f54c/0021,0
6662fdd2-4512-4fce-84b0-717edcd5f54c/0022,0
6662fdd2-4512-4fce-84b0-717edcd5f54c/0023,0
6662fdd2-4512-4fce-84b0-717edcd5f54c/0024,0
6662fdd2-4512-4fce-84b0-717edcd5f54c/0025,0
6662fdd2-4512-4fce-84b0-717edcd5f54c/0026,0
6662fdd2-4512-4fce-84b0-717edcd5f54c/0027,0
6662fdd2-4512-4fce-84b0-717edcd5f54c/0028,0
6662fdd2-4512-4fce-84b0-717edcd5f54c/0029,0
6662fdd2-4512-4fce-84b0-717edcd5f54c/0030,0
6662fdd2-4512-4fce-84b0-717edcd5f54c/0031,0
6662fdd2-4512-4fce-84b0-717edcd5f54c/0032,0
6662fdd2-4512-4fce-84b0-717edcd5f54c/0033,0
6662fdd2-4512-4fce-84b0-717edcd5f54c/0034,0
6662fdd2-4512-4fce-84b0-717edcd5f54c/0035,0
6662fdd2-4512-4fce-84b0-717edcd5f54c/0036,0
6662fdd2-4512-4fce-84b0-717edcd5f54c/0037,0
6662fdd2-4512-4fce-84b0-717edcd5f54c/0038,0
6662fdd2-4512-4fce-84b0-717edcd5f54c/0039,0
6662fdd2-4512-4fce-84b0-717edcd5f54c/0040,0
6662fdd2-4512-4fce-84b0-717edcd5f54c/0041,0
6662fdd2-4512-4fce-84b0-717edcd5f54c/0042,0
6662fdd2-4512-4fce-84b0-717edcd5f54c/0043,0
6662fdd2-4512-4fce-84b0-717edcd5f54c/0044,0
6662fdd2-4512-4fce-84b0-717edcd5f54c/0045,0
6662fdd2-4512-4fce-84b0-717edcd5f54c/0046,0
6662fdd2-4512-4fce-84b0-717edcd5f54c/0047,0
6662fdd2-4512-4fce-84b0-717edcd5f54c/0048,0
6662fdd2-4512-4fce-84b0-717edcd5f54c/0049,0
6662fdd2-4512-4fce-84b0-717edcd5f54c/0050,0
6662fdd2-4512-4fce-84b0-717edcd5f54c/0051,0
6662fdd2-4512-4fce-84b0-717edcd5f54c/0052,0
6662fdd2-4512-4fce-84b0-717edcd5f54c/0053,0
6662fdd2-4512-4fce-84b0-717edcd5f54c/0054,0
6662fdd2-4512-4fce-84b0-717edcd5f54c/0055,0
6662fdd2-4512-4fce-84b0-717edcd5f54c/0056,0
6662fdd2-4512-4fce-84b0-717edcd5f54c/0057,0
6662fdd2-4512-4fce-84b0-717edcd5f54c/0058,0
6662fdd2-4512-4fce-84b0-717edcd5f54c/0059,0
6662fdd2-4512-4fce-84b0-717edcd5f54c/0060,0
6662fdd2-4512-4fce-84b0-717edcd5f54c/0061,0
6662fdd2-4512-4fce-84b0-717edcd5f54c/0062,0
6662fdd2-4512-4fce-84b0-717edcd5f54c/0063,0
6662fdd2-4512-4fce-84b0-717edcd5f54c/0064,0
6662fdd2-4512-4fce-84b0-717edcd5f54c/0065,0
6cc9eaa6-ab67-4102-b088-4ab6efa2af6e/0000,0
6cc9eaa6-ab67-4102-b088-4ab6efa2af6e/0001,0
6cc9eaa6-ab67-4102-b088-4ab6efa2af6e/0002,0
6cc9eaa6-ab67-4102-b088-4ab6efa2af6e/0003,0
6cc9eaa6-ab67-4102-b088-4ab6efa2af6e/0004,0
6cc9eaa6-ab67-4102-b088-4ab6efa2af6e/0005,0
6cc9eaa6-ab67-4102-b088-4ab6efa2af6e/0006,0
6cc9eaa6-ab67-4102-b088-4ab6efa2af6e/0007,0
6cc9eaa6-ab67-4102-b088-4ab6efa2af6e/0008,0
6cc9eaa6-ab67-4102-b088-4ab6efa2af6e/0009,0
6cc9eaa6-ab67-4102-b088-4ab6efa2af6e/0010,0
6cc9eaa6-ab67-4102-b088-4ab6efa2af6e/0011,0
6cc9eaa6-ab67-4102-b088-4ab6efa2af6e/0012,0
6cc9eaa6-ab67-4102-b088-4ab6efa2af6e/0013,0
6cc9eaa6-ab67-4102-b088-4ab6efa2af6e/0014,0
6cc9eaa6-ab67-4102-b088-4ab6efa2af6e/0015,0
6cc9eaa6-ab67-4102-b088-4ab6efa2af6e/0016,0
6cc9eaa6-ab67-4102-b088-4ab6efa2af6e/0017,0
6cc9eaa6-ab67-4102-b088-4ab6efa2af6e/0018,0
6cc9eaa6-ab67-4102-b088-4ab6efa2af6e/0019,0
6cc9eaa6-ab67-4102-b088-4ab6efa2af6e/0020,0
6cc9eaa6-ab67-4102-b088-4ab6efa2af6e/0021,0
6cc9eaa6-ab67-4102-b088-4ab6efa2af6e/0022,0
6cc9eaa6-ab67-4102-b088-4ab6efa2af6e/0023,0
6cc9eaa6-ab67-4102-b088-4ab6efa2af6e/0024,0
6cc9eaa6-ab67-4102-b088-4ab6efa2af6e/0025,0
6cc9eaa6-ab67-4102-b088-4ab6efa2af6e/0026,0
6cc9eaa6-ab67-4102-b088-4ab6efa2af6e/0027,0
6cc9eaa6-ab67-4102-b088-4ab6efa2af6e/0028,0
6cc9eaa6-ab67-4102-b088-4ab6efa2af6e/0029,0
6cc9eaa6-ab67-4102-b088-4ab6efa2af6e/0030,0
6cc9eaa6-ab67-4102-b088-4ab6efa2af6e/0031,0
6cc9eaa6-ab67-4102-b088-4ab6efa2af6e/0032,0
6cc9eaa6-ab67-4102-b088-4ab6efa2af6e/0033,0
6cc9eaa6-ab67-4102-b088-4ab6efa2af6e/0034,0
6cc9eaa6-ab67-4102-b088-4ab6efa2af6e/0035,0
6cc9eaa6-ab67-4102-b088-4ab6efa2af6e/0036,0
6cc9eaa6-ab67-4102-b088-4ab6efa2af6e/0037,0
6cc9eaa6-ab67-4102-b088-4ab6efa2af6e/0038,0
6cc9eaa6-ab67-4102-b088-4ab6efa2af6e/0039,0
6cc9eaa6-ab67-4102-b088-4ab6efa2af6e/0040,0
6cc9eaa6-ab67-4102-b088-4ab6efa2af6e/0041,0
6cc9eaa6-ab67-4102-b088-4ab6efa2af6e/0042,0
6cc9eaa6-ab67-4102-b088-4ab6efa2af6e/0043,0
6cc9eaa6-ab67-4102-b088-4ab6efa2af6e/0044,0
6cd404eb-1c36-4bde-b9b1-24b39b2c715f/0000,0
6cd404eb-1c36-4bde-b9b1-24b39b2c715f/0001,0
6cd404eb-1c36-4bde-b9b1-24b39b2c715f/0002,0
6cd404eb-1c36-4bde-b9b1-24b39b2c715f/0003,0
6cd404eb-1c36-4bde-b9b1-24b39b2c715f/0004,0
6cd404eb-1c36-4bde-b9b1-24b39b2c715f/0005,0
6cd404eb-1c36-4bde-b9b1-24b39b2c715f/0006,0
6cd404eb-1c36-4bde-b9b1-24b39b2c715f/0007,0
6cd404eb-1c36-4bde-b9b1-24b39b2c715f/0008,0
6cd404eb-1c36-4bde-b9b1-24b39b2c715f/0009,0
6cd404eb-1c36-4bde-b9b1-24b39b2c715f/0010,0
6cd404eb-1c36-4bde-b9b1-24b39b2c715f/0011,0
6cd404eb-1c36-4bde-b9b1-24b39b2c715f/0012,0
6cd404eb-1c36-4bde-b9b1-24b39b2c715f/0013,0
6cd404eb-1c36-4bde-b9b1-24b39b2c715f/0014,0
6cd404eb-1c36-4bde-b9b1-24b39b2c715f/0015,0
6cd404eb-1c36-4bde-b9b1-24b39b2c715f/0016,0
6cd404eb-1c36-4bde-b9b1-24b39b2c715f/0017,0
6cd404eb-1c36-4bde-b9b1-24b39b2c715f/0018,0
6cd404eb-1c36-4bde-b9b1-24b39b2c715f/0019,0
6cd404eb-1c36-4bde-b9b1-24b39b2c715f/0020,0
6cd404eb-1c36-4bde-b9b1-24b39b2c715f/0021,0
6cd404eb-1c36-4bde-b9b1-24b39b2c715f/0022,0
6cd404eb-1c36-4bde-b9b1-24b39b2c715f/0023,0
6cd404eb-1c36-4bde-b9b1-24b39b2c715f/0024,0
6cd404eb-1c36-4bde-b9b1-24b39b2c715f/0025,0
6cd404eb-1c36-4bde-b9b1-24b39b2c715f/0026,0
6cd404eb-1c36-4bde-b9b1-24b39b2c715f/0027,0
6cd404eb-1c36-4bde-b9b1-24b39b2c715f/0028,0
6cd404eb-1c36-4bde-b9b1-24b39b2c715f/0029,0
6cd404eb-1c36-4bde-b9b1-24b39b2c715f/0030,0
6cd404eb-1c36-4bde-b9b1-24b39b2c715f/0031,0
6cd404eb-1c36-4bde-b9b1-24b39b2c715f/0032,0
6cd404eb-1c36-4bde-b9b1-24b39b2c715f/0033,0
6cd404eb-1c36-4bde-b9b1-24b39b2c715f/0034,0
6cd404eb-1c36-4bde-b9b1-24b39b2c715f/0035,0
6cd404eb-1c36-4bde-b9b1-24b39b2c715f/0036,0
6d479b33-7b8d-4ec8-8fdf-6d58127c633b/0000,0
6d479b33-7b8d-4ec8-8fdf-6d58127c633b/0001,0
6d479b33-7b8d-4ec8-8fdf-6d58127c633b/0002,0
6d479b33-7b8d-4ec8-8fdf-6d58127c633b/0003,0
6d479b33-7b8d-4ec8-8fdf-6d58127c633b/0004,0
6d479b33-7b8d-4ec8-8fdf-6d58127c633b/0005,0
6d479b33-7b8d-4ec8-8fdf-6d58127c633b/0006,0
6d479b33-7b8d-4ec8-8fdf-6d58127c633b/0007,0
6d479b33-7b8d-4ec8-8fdf-6d58127c633b/0008,0
6d479b33-7b8d-4ec8-8fdf-6d58127c633b/0009,0
7363cba9-9fbb-4fd2-8c07-e46bed2e1f33/0000,0
7363cba9-9fbb-4fd2-8c07-e46bed2e1f33/0001,0
7363cba9-9fbb-4fd2-8c07-e46bed2e1f33/0002,0
7363cba9-9fbb-4fd2-8c07-e46bed2e1f33/0003,0
7363cba9-9fbb-4fd2-8c07-e46bed2e1f33/0004,0
7363cba9-9fbb-4fd2-8c07-e46bed2e1f33/0005,0
7363cba9-9fbb-4fd2-8c07-e46bed2e1f33/0006,0
7363cba9-9fbb-4fd2-8c07-e46bed2e1f33/0007,0
7363cba9-9fbb-4fd2-8c07-e46bed2e1f33/0008,0
7363cba9-9fbb-4fd2-8c07-e46bed2e1f33/0009,0
7363cba9-9fbb-4fd2-8c07-e46bed2e1f33/0010,0
7363cba9-9fbb-4fd2-8c07-e46bed2e1f33/0011,0
7363cba9-9fbb-4fd2-8c07-e46bed2e1f33/0012,0
7363cba9-9fbb-4fd2-8c07-e46bed2e1f33/0013,0
7363cba9-9fbb-4fd2-8c07-e46bed2e1f33/0014,0
7363cba9-9fbb-4fd2-8c07-e46bed2e1f33/0015,0
7363cba9-9fbb-4fd2-8c07-e46bed2e1f33/0016,0
7363cba9-9fbb-4fd2-8c07-e46bed2e1f33/0017,0
7363cba9-9fbb-4fd2-8c07-e46bed2e1f33/0018,0
7363cba9-9fbb-4fd2-8c07-e46bed2e1f33/0019,0
7363cba9-9fbb-4fd2-8c07-e46bed2e1f33/0020,0
7363cba9-9fbb-4fd2-8c07-e46bed2e1f33/0021,0
7363cba9-9fbb-4fd2-8c07-e46bed2e1f33/0022,0
7363cba9-9fbb-4fd2-8c07-e46bed2e1f33/0023,0
75aeccb7-a82d-4013-9962-e9c9039c264d/0000,0
75aeccb7-a82d-4013-9962-e9c9039c264d/0001,0
75aeccb7-a82d-4013-9962-e9c9039c264d/0002,0
75aeccb7-a82d-4013-9962-e9c9039c264d/0003,0
75aeccb7-a82d-4013-9962-e9c9039c264d/0004,0
75aeccb7-a82d-4013-9962-e9c9039c264d/0005,0
75aeccb7-a82d-4013-9962-e9c9039c264d/0006,0
75aeccb7-a82d-4013-9962-e9c9039c264d/0007,0
75aeccb7-a82d-4013-9962-e9c9039c264d/0008,0
75aeccb7-a82d-4013-9962-e9c9039c264d/0009,0
75aeccb7-a82d-4013-9962-e9c9039c264d/0010,0
75aeccb7-a82d-4013-9962-e9c9039c264d/0011,0
75aeccb7-a82d-4013-9962-e9c9039c264d/0012,0
75aeccb7-a82d-4013-9962-e9c9039c264d/0013,0
75aeccb7-a82d-4013-9962-e9c9039c264d/0014,0
75aeccb7-a82d-4013-9962-e9c9039c264d/0015,0
75aeccb7-a82d-4013-9962-e9c9039c264d/0016,0
75aeccb7-a82d-4013-9962-e9c9039c264d/0017,0
75aeccb7-a82d-4013-9962-e9c9039c264d/0018,0
75aeccb7-a82d-4013-9962-e9c9039c264d/0019,0
75aeccb7-a82d-4013-9962-e9c9039c264d/0020,0
75aeccb7-a82d-4013-9962-e9c9039c264d/0021,0
75aeccb7-a82d-4013-9962-e9c9039c264d/0022,0
75aeccb7-a82d-4013-9962-e9c9039c264d/0023,0
75aeccb7-a82d-4013-9962-e9c9039c264d/0024,0
75aeccb7-a82d-4013-9962-e9c9039c264d/0025,0
75aeccb7-a82d-4013-9962-e9c9039c264d/0026,0
75aeccb7-a82d-4013-9962-e9c9039c264d/0027,0
75aeccb7-a82d-4013-9962-e9c9039c264d/0028,0
75aeccb7-a82d-4013-9962-e9c9039c264d/0029,0
75aeccb7-a82d-4013-9962-e9c9039c264d/0030,0
75aeccb7-a82d-4013-9962-e9c9039c264d/0031,0
75aeccb7-a82d-4013-9962-e9c9039c264d/0032,0
75aeccb7-a82d-4013-9962-e9c9039c264d/0033,0
75aeccb7-a82d-4013-9962-e9c9039c264d/0034,0
75aeccb7-a82d-4013-9962-e9c9039c264d/0035,0
75aeccb7-a82d-4013-9962-e9c9039c264d/0036,0
75aeccb7-a82d-4013-9962-e9c9039c264d/0037,0
75aeccb7-a82d-4013-9962-e9c9039c264d/0038,0
75aeccb7-a82d-4013-9962-e9c9039c264d/0039,0
75aeccb7-a82d-4013-9962-e9c9039c264d/0040,0
77d40a22-9c26-4258-a3cc-a92789bd692e/0000,0
77d40a22-9c26-4258-a3cc-a92789bd692e/0001,0
77d40a22-9c26-4258-a3cc-a92789bd692e/0002,0
77d40a22-9c26-4258-a3cc-a92789bd692e/0003,0
77d40a22-9c26-4258-a3cc-a92789bd692e/0004,0
77d40a22-9c26-4258-a3cc-a92789bd692e/0005,0
77d40a22-9c26-4258-a3cc-a92789bd692e/0006,0
77d40a22-9c26-4258-a3cc-a92789bd692e/0007,0
77d40a22-9c26-4258-a3cc-a92789bd692e/0008,0
77d40a22-9c26-4258-a3cc-a92789bd692e/0009,0
77d40a22-9c26-4258-a3cc-a92789bd692e/0010,0
77d40a22-9c26-4258-a3cc-a92789bd692e/0011,0
77d40a22-9c26-4258-a3cc-a92789bd692e/0012,0
77d40a22-9c26-4258-a3cc-a92789bd692e/0013,0
77d40a22-9c26-4258-a3cc-a92789bd692e/0014,0
77d40a22-9c26-4258-a3cc-a92789bd692e/0015,0
77d40a22-9c26-4258-a3cc-a92789bd692e/0016,0
77d40a22-9c26-4258-a3cc-a92789bd692e/0017,0
77d40a22-9c26-4258-a3cc-a92789bd692e/0018,0
77d40a22-9c26-4258-a3cc-a92789bd692e/0019,0
77d40a22-9c26-4258-a3cc-a92789bd692e/0020,0
77d40a22-9c26-4258-a3cc-a92789bd692e/0021,0
77d40a22-9c26-4258-a3cc-a92789bd692e/0022,0
77d40a22-9c26-4258-a3cc-a92789bd692e/0023,0
77d40a22-9c26-4258-a3cc-a92789bd692e/0024,0
77d40a22-9c26-4258-a3cc-a92789bd692e/0025,0
77d40a22-9c26-4258-a3cc-a92789bd692e/0026,0
77d40a22-9c26-4258-a3cc-a92789bd692e/0027,0
77d40a22-9c26-4258-a3cc-a92789bd692e/0028,0
77d40a22-9c26-4258-a3cc-a92789bd692e/0029,0
77d40a22-9c26-4258-a3cc-a92789bd692e/0030,0
77d40a22-9c26-4258-a3cc-a92789bd692e/0031,0
77d40a22-9c26-4258-a3cc-a92789bd692e/0032,0
77d40a22-9c26-4258-a3cc-a92789bd692e/0033,0
77d40a22-9c26-4258-a3cc-a92789bd692e/0034,0
77d40a22-9c26-4258-a3cc-a92789bd692e/0035,0
77d40a22-9c26-4258-a3cc-a92789bd692e/0036,0
77d40a22-9c26-4258-a3cc-a92789bd692e/0037,0
77d40a22-9c26-4258-a3cc-a92789bd692e/0038,0
77d40a22-9c26-4258-a3cc-a92789bd692e/0039,0
77d40a22-9c26-4258-a3cc-a92789bd692e/0040,0
77d40a22-9c26-4258-a3cc-a92789bd692e/0041,0
77d40a22-9c26-4258-a3cc-a92789bd692e/0042,0
77d40a22-9c26-4258-a3cc-a92789bd692e/0043,0
77d40a22-9c26-4258-a3cc-a92789bd692e/0044,0
77d40a22-9c26-4258-a3cc-a92789bd692e/0045,0
7adb655d-9b1e-44cd-86f5-2995d0cfd1e9/0000,0
87e9e215-a030-476d-ac5f-f1f4d06ac0c9/0000,0
87e9e215-a030-476d-ac5f-f1f4d06ac0c9/0001,0
87e9e215-a030-476d-ac5f-f1f4d06ac0c9/0002,0
87e9e215-a030-476d-ac5f-f1f4d06ac0c9/0003,0
87e9e215-a030-476d-ac5f-f1f4d06ac0c9/0004,0
87e9e215-a030-476d-ac5f-f1f4d06ac0c9/0005,0
87e9e215-a030-476d-ac5f-f1f4d06ac0c9/0006,0
87e9e215-a030-476d-ac5f-f1f4d06ac0c9/0007,0
87e9e215-a030-476d-ac5f-f1f4d06ac0c9/0008,0
87e9e215-a030-476d-ac5f-f1f4d06ac0c9/0009,0
87e9e215-a030-476d-ac5f-f1f4d06ac0c9/0010,0
87e9e215-a030-476d-ac5f-f1f4d06ac0c9/0011,0
87e9e215-a030-476d-ac5f-f1f4d06ac0c9/0012,0
87e9e215-a030-476d-ac5f-f1f4d06ac0c9/0013,0
87e9e215-a030-476d-ac5f-f1f4d06ac0c9/0014,0
87e9e215-a030-476d-ac5f-f1f4d06ac0c9/0015,0
87e9e215-a030-476d-ac5f-f1f4d06ac0c9/0016,0
87e9e215-a030-476d-ac5f-f1f4d06ac0c9/0017,0
87e9e215-a030-476d-ac5f-f1f4d06ac0c9/0018,0
87e9e215-a030-476d-ac5f-f1f4d06ac0c9/0019,0
87e9e215-a030-476d-ac5f-f1f4d06ac0c9/0020,0
87e9e215-a030-476d-ac5f-f1f4d06ac0c9/0021,0
87e9e215-a030-476d-ac5f-f1f4d06ac0c9/0022,0
87e9e215-a030-476d-ac5f-f1f4d06ac0c9/0023,0
87e9e215-a030-476d-ac5f-f1f4d06ac0c9/0024,0
87e9e215-a030-476d-ac5f-f1f4d06ac0c9/0025,0
87e9e215-a030-476d-ac5f-f1f4d06ac0c9/0026,0
87e9e215-a030-476d-ac5f-f1f4d06ac0c9/0027,0
87e9e215-a030-476d-ac5f-f1f4d06ac0c9/0028,0
87e9e215-a030-476d-ac5f-f1f4d06ac0c9/0029,0
87e9e215-a030-476d-ac5f-f1f4d06ac0c9/0030,0
87e9e215-a030-476d-ac5f-f1f4d06ac0c9/0031,0
87e9e215-a030-476d-ac5f-f1f4d06ac0c9/0032,0
87e9e215-a030-476d-ac5f-f1f4d06ac0c9/0033,0
87e9e215-a030-476d-ac5f-f1f4d06ac0c9/0034,0
87e9e215-a030-476d-ac5f-f1f4d06ac0c9/0035,0
87e9e215-a030-476d-ac5f-f1f4d06ac0c9/0036,0
87e9e215-a030-476d-ac5f-f1f4d06ac0c9/0037,0
87e9e215-a030-476d-ac5f-f1f4d06ac0c9/0038,0
87e9e215-a030-476d-ac5f-f1f4d06ac0c9/0039,0
87e9e215-a030-476d-ac5f-f1f4d06ac0c9/0040,0
87e9e215-a030-476d-ac5f-f1f4d06ac0c9/0041,0
87e9e215-a030-476d-ac5f-f1f4d06ac0c9/0042,0
87e9e215-a030-476d-ac5f-f1f4d06ac0c9/0043,0
87e9e215-a030-476d-ac5f-f1f4d06ac0c9/0044,0
87e9e215-a030-476d-ac5f-f1f4d06ac0c9/0045,0
87e9e215-a030-476d-ac5f-f1f4d06ac0c9/0046,0
87e9e215-a030-476d-ac5f-f1f4d06ac0c9/0047,0
87e9e215-a030-476d-ac5f-f1f4d06ac0c9/0048,0
87e9e215-a030-476d-ac5f-f1f4d06ac0c9/0049,0
87e9e215-a030-476d-ac5f-f1f4d06ac0c9/0050,0
87e9e215-a030-476d-ac5f-f1f4d06ac0c9/0051,0
87e9e215-a030-476d-ac5f-f1f4d06ac0c9/0052,0
87e9e215-a030-476d-ac5f-f1f4d06ac0c9/0053,0
87e9e215-a030-476d-ac5f-f1f4d06ac0c9/0054,0
87e9e215-a030-476d-ac5f-f1f4d06ac0c9/0055,0
87e9e215-a030-476d-ac5f-f1f4d06ac0c9/0056,0
87e9e215-a030-476d-ac5f-f1f4d06ac0c9/0057,0
87e9e215-a030-476d-ac5f-f1f4d06ac0c9/0058,0
87e9e215-a030-476d-ac5f-f1f4d06ac0c9/0059,0
87e9e215-a030-476d-ac5f-f1f4d06ac0c9/0060,0
87e9e215-a030-476d-ac5f-f1f4d06ac0c9/0061,0
87e9e215-a030-476d-ac5f-f1f4d06ac0c9/0062,0
87e9e215-a030-476d-ac5f-f1f4d06ac0c9/0063,0
87e9e215-a030-476d-ac5f-f1f4d06ac0c9/0064,0
87e9e215-a030-476d-ac5f-f1f4d06ac0c9/0065,0
87e9e215-a030-476d-ac5f-f1f4d06ac0c9/0066,0
87e9e215-a030-476d-ac5f-f1f4d06ac0c9/0067,0
8cfc1ad6-6b03-40bc-8f6e-4215a6741bc3/0000,0
8cfc1ad6-6b03-40bc-8f6e-4215a6741bc3/0001,0
8cfc1ad6-6b03-40bc-8f6e-4215a6741bc3/0002,0
8cfc1ad6-6b03-40bc-8f6e-4215a6741bc3/0003,0
8cfc1ad6-6b03-40bc-8f6e-4215a6741bc3/0004,0
8cfc1ad6-6b03-40bc-8f6e-4215a6741bc3/0005,0
8cfc1ad6-6b03-40bc-8f6e-4215a6741bc3/0006,0
8cfc1ad6-6b03-40bc-8f6e-4215a6741bc3/0007,0
8cfc1ad6-6b03-40bc-8f6e-4215a6741bc3/0008,0
8cfc1ad6-6b03-40bc-8f6e-4215a6741bc3/0009,0
8cfc1ad6-6b03-40bc-8f6e-4215a6741bc3/0010,0
8cfc1ad6-6b03-40bc-8f6e-4215a6741bc3/0011,0
8cfc1ad6-6b03-40bc-8f6e-4215a6741bc3/0012,0
8cfc1ad6-6b03-40bc-8f6e-4215a6741bc3/0013,0
8cfc1ad6-6b03-40bc-8f6e-4215a6741bc3/0014,0
8cfc1ad6-6b03-40bc-8f6e-4215a6741bc3/0015,0
8cfc1ad6-6b03-40bc-8f6e-4215a6741bc3/0016,0
8cfc1ad6-6b03-40bc-8f6e-4215a6741bc3/0017,0
8cfc1ad6-6b03-40bc-8f6e-4215a6741bc3/0018,0
8cfc1ad6-6b03-40bc-8f6e-4215a6741bc3/0019,0
8cfc1ad6-6b03-40bc-8f6e-4215a6741bc3/0020,0
8cfc1ad6-6b03-40bc-8f6e-4215a6741bc3/0021,0
8cfc1ad6-6b03-40bc-8f6e-4215a6741bc3/0022,0
8fbecc89-51bb-4569-93b3-15a163050cfc/0000,0
8fbecc89-51bb-4569-93b3-15a163050cfc/0001,0
8fbecc89-51bb-4569-93b3-15a163050cfc/0002,0
8fbecc89-51bb-4569-93b3-15a163050cfc/0003,0
8fbecc89-51bb-4569-93b3-15a163050cfc/0004,0
8fbecc89-51bb-4569-93b3-15a163050cfc/0005,0
8fbecc89-51bb-4569-93b3-15a163050cfc/0006,0
94835623-ca6c-4ac4-82d4-0e63c1b7c16a/0000,0
94835623-ca6c-4ac4-82d4-0e63c1b7c16a/0001,0
94835623-ca6c-4ac4-82d4-0e63c1b7c16a/0002,0
94835623-ca6c-4ac4-82d4-0e63c1b7c16a/0003,0
94835623-ca6c-4ac4-82d4-0e63c1b7c16a/0004,0
94835623-ca6c-4ac4-82d4-0e63c1b7c16a/0005,0
94835623-ca6c-4ac4-82d4-0e63c1b7c16a/0006,0
94835623-ca6c-4ac4-82d4-0e63c1b7c16a/0007,0
94835623-ca6c-4ac4-82d4-0e63c1b7c16a/0008,0
94835623-ca6c-4ac4-82d4-0e63c1b7c16a/0009,0
94835623-ca6c-4ac4-82d4-0e63c1b7c16a/0010,0
94835623-ca6c-4ac4-82d4-0e63c1b7c16a/0011,0
94835623-ca6c-4ac4-82d4-0e63c1b7c16a/0012,0
94835623-ca6c-4ac4-82d4-0e63c1b7c16a/0013,0
94835623-ca6c-4ac4-82d4-0e63c1b7c16a/0014,0
94835623-ca6c-4ac4-82d4-0e63c1b7c16a/0015,0
94835623-ca6c-4ac4-82d4-0e63c1b7c16a/0016,0
94835623-ca6c-4ac4-82d4-0e63c1b7c16a/0017,0
94835623-ca6c-4ac4-82d4-0e63c1b7c16a/0018,0
94835623-ca6c-4ac4-82d4-0e63c1b7c16a/0019,0
94835623-ca6c-4ac4-82d4-0e63c1b7c16a/0020,0
94835623-ca6c-4ac4-82d4-0e63c1b7c16a/0021,0
94835623-ca6c-4ac4-82d4-0e63c1b7c16a/0022,0
94835623-ca6c-4ac4-82d4-0e63c1b7c16a/0023,0
94835623-ca6c-4ac4-82d4-0e63c1b7c16a/0024,0
94835623-ca6c-4ac4-82d4-0e63c1b7c16a/0025,0
94835623-ca6c-4ac4-82d4-0e63c1b7c16a/0026,0
94835623-ca6c-4ac4-82d4-0e63c1b7c16a/0027,0
94835623-ca6c-4ac4-82d4-0e63c1b7c16a/0028,0
94835623-ca6c-4ac4-82d4-0e63c1b7c16a/0029,0
94835623-ca6c-4ac4-82d4-0e63c1b7c16a/0030,0
94835623-ca6c-4ac4-82d4-0e63c1b7c16a/0031,0
94df467e-76d8-42c3-b45d-dcebf6131998/0000,0
94df467e-76d8-42c3-b45d-dcebf6131998/0001,0
94df467e-76d8-42c3-b45d-dcebf6131998/0002,0
94df467e-76d8-42c3-b45d-dcebf6131998/0003,0
94df467e-76d8-42c3-b45d-dcebf6131998/0004,0
94df467e-76d8-42c3-b45d-dcebf6131998/0005,0
94df467e-76d8-42c3-b45d-dcebf6131998/0006,0
94df467e-76d8-42c3-b45d-dcebf6131998/0007,0
94df467e-76d8-42c3-b45d-dcebf6131998/0008,0
94df467e-76d8-42c3-b45d-dcebf6131998/0009,0
94df467e-76d8-42c3-b45d-dcebf6131998/0010,0
94df467e-76d8-42c3-b45d-dcebf6131998/0011,0
94df467e-76d8-42c3-b45d-dcebf6131998/0012,0
94df467e-76d8-42c3-b45d-dcebf6131998/0013,0
94df467e-76d8-42c3-b45d-dcebf6131998/0014,0
94df467e-76d8-42c3-b45d-dcebf6131998/0015,0
94df467e-76d8-42c3-b45d-dcebf6131998/0016,0
94df467e-76d8-42c3-b45d-dcebf6131998/0017,0
94df467e-76d8-42c3-b45d-dcebf6131998/0018,0
94df467e-76d8-42c3-b45d-dcebf6131998/0019,0
94df467e-76d8-42c3-b45d-dcebf6131998/0020,0
94df467e-76d8-42c3-b45d-dcebf6131998/0021,0
94df467e-76d8-42c3-b45d-dcebf6131998/0022,0
94df467e-76d8-42c3-b45d-dcebf6131998/0023,0
9777f121-d32a-4eba-ad84-7b1b579d9f32/0000,0
9777f121-d32a-4eba-ad84-7b1b579d9f32/0001,0
9777f121-d32a-4eba-ad84-7b1b579d9f32/0002,0
9777f121-d32a-4eba-ad84-7b1b579d9f32/0003,0
9777f121-d32a-4eba-ad84-7b1b579d9f32/0004,0
9777f121-d32a-4eba-ad84-7b1b579d9f32/0005,0
9777f121-d32a-4eba-ad84-7b1b579d9f32/0006,0
9777f121-d32a-4eba-ad84-7b1b579d9f32/0007,0
9777f121-d32a-4eba-ad84-7b1b579d9f32/0008,0
9777f121-d32a-4eba-ad84-7b1b579d9f32/0009,0
9777f121-d32a-4eba-ad84-7b1b579d9f32/0010,0
9777f121-d32a-4eba-ad84-7b1b579d9f32/0011,0
9777f121-d32a-4eba-ad84-7b1b579d9f32/0012,0
9777f121-d32a-4eba-ad84-7b1b579d9f32/0013,0
9777f121-d32a-4eba-ad84-7b1b579d9f32/0014,0
9777f121-d32a-4eba-ad84-7b1b579d9f32/0015,0
9777f121-d32a-4eba-ad84-7b1b579d9f32/0016,0
9777f121-d32a-4eba-ad84-7b1b579d9f32/0017,0
9777f121-d32a-4eba-ad84-7b1b579d9f32/0018,0
9777f121-d32a-4eba-ad84-7b1b579d9f32/0019,0
9777f121-d32a-4eba-ad84-7b1b579d9f32/0020,0
9777f121-d32a-4eba-ad84-7b1b579d9f32/0021,0
9777f121-d32a-4eba-ad84-7b1b579d9f32/0022,0
9777f121-d32a-4eba-ad84-7b1b579d9f32/0023,0
9777f121-d32a-4eba-ad84-7b1b579d9f32/0024,0
9777f121-d32a-4eba-ad84-7b1b579d9f32/0025,0
9777f121-d32a-4eba-ad84-7b1b579d9f32/0026,0
9777f121-d32a-4eba-ad84-7b1b579d9f32/0027,0
9777f121-d32a-4eba-ad84-7b1b579d9f32/0028,0
9777f121-d32a-4eba-ad84-7b1b579d9f32/0029,0
9777f121-d32a-4eba-ad84-7b1b579d9f32/0030,0
9777f121-d32a-4eba-ad84-7b1b579d9f32/0031,0
9777f121-d32a-4eba-ad84-7b1b579d9f32/0032,0
9777f121-d32a-4eba-ad84-7b1b579d9f32/0033,0
9d602547-bdf8-45e3-9b16-81c6fe9338e4/0000,0
9d602547-bdf8-45e3-9b16-81c6fe9338e4/0001,0
9d602547-bdf8-45e3-9b16-81c6fe9338e4/0002,0
9d602547-bdf8-45e3-9b16-81c6fe9338e4/0003,0
9d602547-bdf8-45e3-9b16-81c6fe9338e4/0004,0
9d602547-bdf8-45e3-9b16-81c6fe9338e4/0005,0
a7300ae2-80c6-4a3f-ab9c-9f88f5299b67/0000,0
a7300ae2-80c6-4a3f-ab9c-9f88f5299b67/0001,0
a7300ae2-80c6-4a3f-ab9c-9f88f5299b67/0002,0
a7300ae2-80c6-4a3f-ab9c-9f88f5299b67/0003,0
a7300ae2-80c6-4a3f-ab9c-9f88f5299b67/0004,0
a7300ae2-80c6-4a3f-ab9c-9f88f5299b67/0005,0
a7300ae2-80c6-4a3f-ab9c-9f88f5299b67/0006,0
a7300ae2-80c6-4a3f-ab9c-9f88f5299b67/0007,0
a7300ae2-80c6-4a3f-ab9c-9f88f5299b67/0008,0
a7300ae2-80c6-4a3f-ab9c-9f88f5299b67/0009,0
a7300ae2-80c6-4a3f-ab9c-9f88f5299b67/0010,0
a7300ae2-80c6-4a3f-ab9c-9f88f5299b67/0011,0
a7300ae2-80c6-4a3f-ab9c-9f88f5299b67/0012,0
a7300ae2-80c6-4a3f-ab9c-9f88f5299b67/0013,0
a7300ae2-80c6-4a3f-ab9c-9f88f5299b67/0014,0
a7300ae2-80c6-4a3f-ab9c-9f88f5299b67/0015,0
a7300ae2-80c6-4a3f-ab9c-9f88f5299b67/0016,0
a7300ae2-80c6-4a3f-ab9c-9f88f5299b67/0017,0
a7300ae2-80c6-4a3f-ab9c-9f88f5299b67/0018,0
aa3e1716-992d-48a6-9b2b-1abef589b301/0000,0
aa3e1716-992d-48a6-9b2b-1abef589b301/0001,0
aa3e1716-992d-48a6-9b2b-1abef589b301/0002,0
aa3e1716-992d-48a6-9b2b-1abef589b301/0003,0
aa3e1716-992d-48a6-9b2b-1abef589b301/0004,0
aa3e1716-992d-48a6-9b2b-1abef589b301/0005,0
aa3e1716-992d-48a6-9b2b-1abef589b301/0006,0
aa3e1716-992d-48a6-9b2b-1abef589b301/0007,0
aa3e1716-992d-48a6-9b2b-1abef589b301/0008,0
aa3e1716-992d-48a6-9b2b-1abef589b301/0009,0
aa3e1716-992d-48a6-9b2b-1abef589b301/0010,0
aa3e1716-992d-48a6-9b2b-1abef589b301/0011,0
aa3e1716-992d-48a6-9b2b-1abef589b301/0012,0
aa3e1716-992d-48a6-9b2b-1abef589b301/0013,0
aa3e1716-992d-48a6-9b2b-1abef589b301/0014,0
aa3e1716-992d-48a6-9b2b-1abef589b301/0015,0
aa3e1716-992d-48a6-9b2b-1abef589b301/0016,0
aa3e1716-992d-48a6-9b2b-1abef589b301/0017,0
aa3e1716-992d-48a6-9b2b-1abef589b301/0018,0
aa3e1716-992d-48a6-9b2b-1abef589b301/0019,0
aa3e1716-992d-48a6-9b2b-1abef589b301/0020,0
aa3e1716-992d-48a6-9b2b-1abef589b301/0021,0
aa3e1716-992d-48a6-9b2b-1abef589b301/0022,0
aa3e1716-992d-48a6-9b2b-1abef589b301/0023,0
aa3e1716-992d-48a6-9b2b-1abef589b301/0024,0
aa3e1716-992d-48a6-9b2b-1abef589b301/0025,0
aa3e1716-992d-48a6-9b2b-1abef589b301/0026,0
aa3e1716-992d-48a6-9b2b-1abef589b301/0027,0
aa3e1716-992d-48a6-9b2b-1abef589b301/0028,0
aa3e1716-992d-48a6-9b2b-1abef589b301/0029,0
aa3e1716-992d-48a6-9b2b-1abef589b301/0030,0
b89ca3c0-b361-43f8-b261-ab7eabe8eabf/0000,0
b89ca3c0-b361-43f8-b261-ab7eabe8eabf/0001,0
b89ca3c0-b361-43f8-b261-ab7eabe8eabf/0002,0
b89ca3c0-b361-43f8-b261-ab7eabe8eabf/0003,0
b89ca3c0-b361-43f8-b261-ab7eabe8eabf/0004,0
b89ca3c0-b361-43f8-b261-ab7eabe8eabf/0005,0
b89ca3c0-b361-43f8-b261-ab7eabe8eabf/0006,0
b89ca3c0-b361-43f8-b261-ab7eabe8eabf/0007,0
b89ca3c0-b361-43f8-b261-ab7eabe8eabf/0008,0
b89ca3c0-b361-43f8-b261-ab7eabe8eabf/0009,0
b89ca3c0-b361-43f8-b261-ab7eabe8eabf/0010,0
b89ca3c0-b361-43f8-b261-ab7eabe8eabf/0011,0
b89ca3c0-b361-43f8-b261-ab7eabe8eabf/0012,0
b89ca3c0-b361-43f8-b261-ab7eabe8eabf/0013,0
b89ca3c0-b361-43f8-b261-ab7eabe8eabf/0014,0
b89ca3c0-b361-43f8-b261-ab7eabe8eabf/0015,0
b89ca3c0-b361-43f8-b261-ab7eabe8eabf/0016,0
b89ca3c0-b361-43f8-b261-ab7eabe8eabf/0017,0
b89ca3c0-b361-43f8-b261-ab7eabe8eabf/0018,0
b89ca3c0-b361-43f8-b261-ab7eabe8eabf/0019,0
b89ca3c0-b361-43f8-b261-ab7eabe8eabf/0020,0
b89ca3c0-b361-43f8-b261-ab7eabe8eabf/0021,0
b89ca3c0-b361-43f8-b261-ab7eabe8eabf/0022,0
b89ca3c0-b361-43f8-b261-ab7eabe8eabf/0023,0
b89ca3c0-b361-43f8-b261-ab7eabe8eabf/0024,0
b89ca3c0-b361-43f8-b261-ab7eabe8eabf/0025,0
bc97d88d-8c86-4653-86a5-4597485ce018/0000,0
bc97d88d-8c86-4653-86a5-4597485ce018/0001,0
bc97d88d-8c86-4653-86a5-4597485ce018/0002,0
bc97d88d-8c86-4653-86a5-4597485ce018/0003,0
bc97d88d-8c86-4653-86a5-4597485ce018/0004,0
bc97d88d-8c86-4653-86a5-4597485ce018/0005,0
bc97d88d-8c86-4653-86a5-4597485ce018/0006,0
bc97d88d-8c86-4653-86a5-4597485ce018/0007,0
bc97d88d-8c86-4653-86a5-4597485ce018/0008,0
bc97d88d-8c86-4653-86a5-4597485ce018/0009,0
bc97d88d-8c86-4653-86a5-4597485ce018/0010,0
bc97d88d-8c86-4653-86a5-4597485ce018/0011,0
bc97d88d-8c86-4653-86a5-4597485ce018/0012,0
bc97d88d-8c86-4653-86a5-4597485ce018/0013,0
bc97d88d-8c86-4653-86a5-4597485ce018/0014,0
bc97d88d-8c86-4653-86a5-4597485ce018/0015,0
bc97d88d-8c86-4653-86a5-4597485ce018/0016,0
bc97d88d-8c86-4653-86a5-4597485ce018/0017,0
bc97d88d-8c86-4653-86a5-4597485ce018/0018,0
bc97d88d-8c86-4653-86a5-4597485ce018/0019,0
bc97d88d-8c86-4653-86a5-4597485ce018/0020,0
c6efa238-f063-407a-9f5c-81bb9983302e/0000,0
c6efa238-f063-407a-9f5c-81bb9983302e/0001,0
c6efa238-f063-407a-9f5c-81bb9983302e/0002,0
c6efa238-f063-407a-9f5c-81bb9983302e/0003,0
c6efa238-f063-407a-9f5c-81bb9983302e/0004,0
c6efa238-f063-407a-9f5c-81bb9983302e/0005,0
c6efa238-f063-407a-9f5c-81bb9983302e/0006,0
c6efa238-f063-407a-9f5c-81bb9983302e/0007,0
c6efa238-f063-407a-9f5c-81bb9983302e/0008,0
c6efa238-f063-407a-9f5c-81bb9983302e/0009,0
c6efa238-f063-407a-9f5c-81bb9983302e/0010,0
c6efa238-f063-407a-9f5c-81bb9983302e/0011,0
c6efa238-f063-407a-9f5c-81bb9983302e/0012,0
c6efa238-f063-407a-9f5c-81bb9983302e/0013,0
c6efa238-f063-407a-9f5c-81bb9983302e/0014,0
c6efa238-f063-407a-9f5c-81bb9983302e/0015,0
c6efa238-f063-407a-9f5c-81bb9983302e/0016,0
c6efa238-f063-407a-9f5c-81bb9983302e/0017,0
c6efa238-f063-407a-9f5c-81bb9983302e/0018,0
c6efa238-f063-407a-9f5c-81bb9983302e/0019,0
c8f59cc1-94da-4419-9946-8b1e4a42bbcd/0000,0
c8f59cc1-94da-4419-9946-8b1e4a42bbcd/0001,0
c8f59cc1-94da-4419-9946-8b1e4a42bbcd/0002,0
c8f59cc1-94da-4419-9946-8b1e4a42bbcd/0003,0
c8f59cc1-94da-4419-9946-8b1e4a42bbcd/0004,0
c8f59cc1-94da-4419-9946-8b1e4a42bbcd/0005,0
c8f59cc1-94da-4419-9946-8b1e4a42bbcd/0006,0
c8f59cc1-94da-4419-9946-8b1e4a42bbcd/0007,0
c8f59cc1-94da-4419-9946-8b1e4a42bbcd/0008,0
c8f59cc1-94da-4419-9946-8b1e4a42bbcd/0009,0
c8f59cc1-94da-4419-9946-8b1e4a42bbcd/0010,0
c8f59cc1-94da-4419-9946-8b1e4a42bbcd/0011,0
c8f59cc1-94da-4419-9946-8b1e4a42bbcd/0012,0
c8f59cc1-94da-4419-9946-8b1e4a42bbcd/0013,0
c8f59cc1-94da-4419-9946-8b1e4a42bbcd/0014,0
c8f59cc1-94da-4419-9946-8b1e4a42bbcd/0015,0
c8f59cc1-94da-4419-9946-8b1e4a42bbcd/0016,0
cfb2daae-611b-4b73-9084-6dbf68c8343d/0000,0
cfb2daae-611b-4b73-9084-6dbf68c8343d/0001,0
cfb2daae-611b-4b73-9084-6dbf68c8343d/0002,0
cfb2daae-611b-4b73-9084-6dbf68c8343d/0003,0
cfb2daae-611b-4b73-9084-6dbf68c8343d/0004,0
cfb2daae-611b-4b73-9084-6dbf68c8343d/0005,0
cfb2daae-611b-4b73-9084-6dbf68c8343d/0006,0
cfb2daae-611b-4b73-9084-6dbf68c8343d/0007,0
cfb2daae-611b-4b73-9084-6dbf68c8343d/0008,0
cfb2daae-611b-4b73-9084-6dbf68c8343d/0009,0
cfb2daae-611b-4b73-9084-6dbf68c8343d/0010,0
cfb2daae-611b-4b73-9084-6dbf68c8343d/0011,0
cfb2daae-611b-4b73-9084-6dbf68c8343d/0012,0
cfb2daae-611b-4b73-9084-6dbf68c8343d/0013,0
cfb2daae-611b-4b73-9084-6dbf68c8343d/0014,0
cfb2daae-611b-4b73-9084-6dbf68c8343d/0015,0
cfb2daae-611b-4b73-9084-6dbf68c8343d/0016,0
cfb2daae-611b-4b73-9084-6dbf68c8343d/0017,0
cfb2daae-611b-4b73-9084-6dbf68c8343d/0018,0
d441b25e-dd7d-46c2-895d-2510bcbd207d/0000,0
d441b25e-dd7d-46c2-895d-2510bcbd207d/0001,0
d441b25e-dd7d-46c2-895d-2510bcbd207d/0002,0
d441b25e-dd7d-46c2-895d-2510bcbd207d/0003,0
d441b25e-dd7d-46c2-895d-2510bcbd207d/0004,0
d441b25e-dd7d-46c2-895d-2510bcbd207d/0005,0
d441b25e-dd7d-46c2-895d-2510bcbd207d/0006,0
d441b25e-dd7d-46c2-895d-2510bcbd207d/0007,0
d441b25e-dd7d-46c2-895d-2510bcbd207d/0008,0
d441b25e-dd7d-46c2-895d-2510bcbd207d/0009,0
d441b25e-dd7d-46c2-895d-2510bcbd207d/0010,0
d441b25e-dd7d-46c2-895d-2510bcbd207d/0011,0
d441b25e-dd7d-46c2-895d-2510bcbd207d/0012,0
d441b25e-dd7d-46c2-895d-2510bcbd207d/0013,0
d441b25e-dd7d-46c2-895d-2510bcbd207d/0014,0
d441b25e-dd7d-46c2-895d-2510bcbd207d/0015,0
d441b25e-dd7d-46c2-895d-2510bcbd207d/0016,0
d441b25e-dd7d-46c2-895d-2510bcbd207d/0017,0
d441b25e-dd7d-46c2-895d-2510bcbd207d/0018,0
d441b25e-dd7d-46c2-895d-2510bcbd207d/0019,0
d441b25e-dd7d-46c2-895d-2510bcbd207d/0020,0
d441b25e-dd7d-46c2-895d-2510bcbd207d/0021,0
d441b25e-dd7d-46c2-895d-2510bcbd207d/0022,0
d441b25e-dd7d-46c2-895d-2510bcbd207d/0023,0
d441b25e-dd7d-46c2-895d-2510bcbd207d/0024,0
d441b25e-dd7d-46c2-895d-2510bcbd207d/0025,0
d441b25e-dd7d-46c2-895d-2510bcbd207d/0026,0
d441b25e-dd7d-46c2-895d-2510bcbd207d/0027,0
d441b25e-dd7d-46c2-895d-2510bcbd207d/0028,0
d441b25e-dd7d-46c2-895d-2510bcbd207d/0029,0
d441b25e-dd7d-46c2-895d-2510bcbd207d/0030,0
d441b25e-dd7d-46c2-895d-2510bcbd207d/0031,0
d441b25e-dd7d-46c2-895d-2510bcbd207d/0032,0
d441b25e-dd7d-46c2-895d-2510bcbd207d/0033,0
d441b25e-dd7d-46c2-895d-2510bcbd207d/0034,0
d441b25e-dd7d-46c2-895d-2510bcbd207d/0035,0
d441b25e-dd7d-46c2-895d-2510bcbd207d/0036,0
d441b25e-dd7d-46c2-895d-2510bcbd207d/0037,0
d441b25e-dd7d-46c2-895d-2510bcbd207d/0038,0
d441b25e-dd7d-46c2-895d-2510bcbd207d/0039,0
d441b25e-dd7d-46c2-895d-2510bcbd207d/0040,0
d441b25e-dd7d-46c2-895d-2510bcbd207d/0041,0
d441b25e-dd7d-46c2-895d-2510bcbd207d/0042,0
d441b25e-dd7d-46c2-895d-2510bcbd207d/0043,0
d441b25e-dd7d-46c2-895d-2510bcbd207d/0044,0
d441b25e-dd7d-46c2-895d-2510bcbd207d/0045,0
d441b25e-dd7d-46c2-895d-2510bcbd207d/0046,0
d441b25e-dd7d-46c2-895d-2510bcbd207d/0047,0
d441b25e-dd7d-46c2-895d-2510bcbd207d/0048,0
d441b25e-dd7d-46c2-895d-2510bcbd207d/0049,0
d441b25e-dd7d-46c2-895d-2510bcbd207d/0050,0
d441b25e-dd7d-46c2-895d-2510bcbd207d/0051,0
d441b25e-dd7d-46c2-895d-2510bcbd207d/0052,0
d441b25e-dd7d-46c2-895d-2510bcbd207d/0053,0
d441b25e-dd7d-46c2-895d-2510bcbd207d/0054,0
d441b25e-dd7d-46c2-895d-2510bcbd207d/0055,0
d441b25e-dd7d-46c2-895d-2510bcbd207d/0056,0
d441b25e-dd7d-46c2-895d-2510bcbd207d/0057,0
d441b25e-dd7d-46c2-895d-2510bcbd207d/0058,0
d441b25e-dd7d-46c2-895d-2510bcbd207d/0059,0
d441b25e-dd7d-46c2-895d-2510bcbd207d/0060,0
d441b25e-dd7d-46c2-895d-2510bcbd207d/0061,0
e8bd0d0d-7332-4698-a425-05be2697d3a5/0000,0
e8bd0d0d-7332-4698-a425-05be2697d3a5/0001,0
e8bd0d0d-7332-4698-a425-05be2697d3a5/0002,0
e8bd0d0d-7332-4698-a425-05be2697d3a5/0003,0
e8bd0d0d-7332-4698-a425-05be2697d3a5/0004,0
e8bd0d0d-7332-4698-a425-05be2697d3a5/0005,0
e8bd0d0d-7332-4698-a425-05be2697d3a5/0006,0
e8bd0d0d-7332-4698-a425-05be2697d3a5/0007,0
e8bd0d0d-7332-4698-a425-05be2697d3a5/0008,0
e8bd0d0d-7332-4698-a425-05be2697d3a5/0009,0
e8bd0d0d-7332-4698-a425-05be2697d3a5/0010,0
e8bd0d0d-7332-4698-a425-05be2697d3a5/0011,0
e8bd0d0d-7332-4698-a425-05be2697d3a5/0012,0
e8bd0d0d-7332-4698-a425-05be2697d3a5/0013,0
e8bd0d0d-7332-4698-a425-05be2697d3a5/0014,0
e8bd0d0d-7332-4698-a425-05be2697d3a5/0015,0
e8bd0d0d-7332-4698-a425-05be2697d3a5/0016,0
ec1672b2-15ee-4dcb-a6a0-1f524a1977d4/0000,0
ec1672b2-15ee-4dcb-a6a0-1f524a1977d4/0001,0
ec1672b2-15ee-4dcb-a6a0-1f524a1977d4/0002,0
ec1672b2-15ee-4dcb-a6a0-1f524a1977d4/0003,0
ec1672b2-15ee-4dcb-a6a0-1f524a1977d4/0004,0
ec1672b2-15ee-4dcb-a6a0-1f524a1977d4/0005,0
ec1672b2-15ee-4dcb-a6a0-1f524a1977d4/0006,0
ec1672b2-15ee-4dcb-a6a0-1f524a1977d4/0007,0
ec1672b2-15ee-4dcb-a6a0-1f524a1977d4/0008,0
ec1672b2-15ee-4dcb-a6a0-1f524a1977d4/0009,0
ec1672b2-15ee-4dcb-a6a0-1f524a1977d4/0010,0
ec1672b2-15ee-4dcb-a6a0-1f524a1977d4/0011,0
ec1672b2-15ee-4dcb-a6a0-1f524a1977d4/0012,0
ec1672b2-15ee-4dcb-a6a0-1f524a1977d4/0013,0
ec1672b2-15ee-4dcb-a6a0-1f524a1977d4/0014,0
ec1672b2-15ee-4dcb-a6a0-1f524a1977d4/0015,0
ec1672b2-15ee-4dcb-a6a0-1f524a1977d4/0016,0
ec1672b2-15ee-4dcb-a6a0-1f524a1977d4/0017,0
ec1672b2-15ee-4dcb-a6a0-1f524a1977d4/0018,0
ec1672b2-15ee-4dcb-a6a0-1f524a1977d4/0019,0
ec1672b2-15ee-4dcb-a6a0-1f524a1977d4/0020,0
ec1672b2-15ee-4dcb-a6a0-1f524a1977d4/0021,0
ec1672b2-15ee-4dcb-a6a0-1f524a1977d4/0022,0
ec1672b2-15ee-4dcb-a6a0-1f524a1977d4/0023,0
ec1672b2-15ee-4dcb-a6a0-1f524a1977d4/0024,0
ec1672b2-15ee-4dcb-a6a0-1f524a1977d4/0025,0
ec1672b2-15ee-4dcb-a6a0-1f524a1977d4/0026,0
ec1672b2-15ee-4dcb-a6a0-1f524a1977d4/0027,0
ec1672b2-15ee-4dcb-a6a0-1f524a1977d4/0028,0
ec1672b2-15ee-4dcb-a6a0-1f524a1977d4/0029,0
ec1672b2-15ee-4dcb-a6a0-1f524a1977d4/0030,0
ec1672b2-15ee-4dcb-a6a0-1f524a1977d4/0031,0
ec1672b2-15ee-4dcb-a6a0-1f524a1977d4/0032,0
ec1672b2-15ee-4dcb-a6a0-1f524a1977d4/0033,0
ec1672b2-15ee-4dcb-a6a0-1f524a1977d4/0034,0
ec1672b2-15ee-4dcb-a6a0-1f524a1977d4/0035,0
ec1672b2-15ee-4dcb-a6a0-1f524a1977d4/0036,0
ec1672b2-15ee-4dcb-a6a0-1f524a1977d4/0037,0
eccfbc47-1e2f-4754-9fa7-4f56903cd13d/0000,0
eccfbc47-1e2f-4754-9fa7-4f56903cd13d/0001,0
eccfbc47-1e2f-4754-9fa7-4f56903cd13d/0002,0
eccfbc47-1e2f-4754-9fa7-4f56903cd13d/0003,0
eccfbc47-1e2f-4754-9fa7-4f56903cd13d/0004,0
eccfbc47-1e2f-4754-9fa7-4f56903cd13d/0005,0
eccfbc47-1e2f-4754-9fa7-4f56903cd13d/0006,0
eccfbc47-1e2f-4754-9fa7-4f56903cd13d/0007,0
eccfbc47-1e2f-4754-9fa7-4f56903cd13d/0008,0
eccfbc47-1e2f-4754-9fa7-4f56903cd13d/0009,0
eccfbc47-1e2f-4754-9fa7-4f56903cd13d/0010,0
eccfbc47-1e2f-4754-9fa7-4f56903cd13d/0011,0
eccfbc47-1e2f-4754-9fa7-4f56903cd13d/0012,0
eccfbc47-1e2f-4754-9fa7-4f56903cd13d/0013,0
eccfbc47-1e2f-4754-9fa7-4f56903cd13d/0014,0
eccfbc47-1e2f-4754-9fa7-4f56903cd13d/0015,0
eccfbc47-1e2f-4754-9fa7-4f56903cd13d/0016,0
eccfbc47-1e2f-4754-9fa7-4f56903cd13d/0017,0
eccfbc47-1e2f-4754-9fa7-4f56903cd13d/0018,0
eccfbc47-1e2f-4754-9fa7-4f56903cd13d/0019,0
eccfbc47-1e2f-4754-9fa7-4f56903cd13d/0020,0
eccfbc47-1e2f-4754-9fa7-4f56903cd13d/0021,0
eccfbc47-1e2f-4754-9fa7-4f56903cd13d/0022,0
eccfbc47-1e2f-4754-9fa7-4f56903cd13d/0023,0
eccfbc47-1e2f-4754-9fa7-4f56903cd13d/0024,0
eccfbc47-1e2f-4754-9fa7-4f56903cd13d/0025,0
eccfbc47-1e2f-4754-9fa7-4f56903cd13d/0026,0
eccfbc47-1e2f-4754-9fa7-4f56903cd13d/0027,0
eccfbc47-1e2f-4754-9fa7-4f56903cd13d/0028,0
eccfbc47-1e2f-4754-9fa7-4f56903cd13d/0029,0
eccfbc47-1e2f-4754-9fa7-4f56903cd13d/0030,0
eccfbc47-1e2f-4754-9fa7-4f56903cd13d/0031,0
eccfbc47-1e2f-4754-9fa7-4f56903cd13d/0032,0
eccfbc47-1e2f-4754-9fa7-4f56903cd13d/0033,0
eccfbc47-1e2f-4754-9fa7-4f56903cd13d/0034,0
eccfbc47-1e2f-4754-9fa7-4f56903cd13d/0035,0
eccfbc47-1e2f-4754-9fa7-4f56903cd13d/0036,0
eccfbc47-1e2f-4754-9fa7-4f56903cd13d/0037,0
eccfbc47-1e2f-4754-9fa7-4f56903cd13d/0038,0
eccfbc47-1e2f-4754-9fa7-4f56903cd13d/0039,0
eccfbc47-1e2f-4754-9fa7-4f56903cd13d/0040,0
eccfbc47-1e2f-4754-9fa7-4f56903cd13d/0041,0
eccfbc47-1e2f-4754-9fa7-4f56903cd13d/0042,0
eccfbc47-1e2f-4754-9fa7-4f56903cd13d/0043,0
eccfbc47-1e2f-4754-9fa7-4f56903cd13d/0044,0
eccfbc47-1e2f-4754-9fa7-4f56903cd13d/0045,0
eccfbc47-1e2f-4754-9fa7-4f56903cd13d/0046,0
eccfbc47-1e2f-4754-9fa7-4f56903cd13d/0047,0
eccfbc47-1e2f-4754-9fa7-4f56903cd13d/0048,0
ee2d1ee9-dd1d-4e63-9881-19205c5dae27/0000,0
ee2d1ee9-dd1d-4e63-9881-19205c5dae27/0001,0
ee2d1ee9-dd1d-4e63-9881-19205c5dae27/0002,0
ee2d1ee9-dd1d-4e63-9881-19205c5dae27/0003,0
ee2d1ee9-dd1d-4e63-9881-19205c5dae27/0004,0
ee2d1ee9-dd1d-4e63-9881-19205c5dae27/0005,0
ee2d1ee9-dd1d-4e63-9881-19205c5dae27/0006,0
ee2d1ee9-dd1d-4e63-9881-19205c5dae27/0007,0
ee2d1ee9-dd1d-4e63-9881-19205c5dae27/0008,0
ee2d1ee9-dd1d-4e63-9881-19205c5dae27/0009,0
ee2d1ee9-dd1d-4e63-9881-19205c5dae27/0010,0
ee2d1ee9-dd1d-4e63-9881-19205c5dae27/0011,0
ee2d1ee9-dd1d-4e63-9881-19205c5dae27/0012,0
ee2d1ee9-dd1d-4e63-9881-19205c5dae27/0013,0
ee2d1ee9-dd1d-4e63-9881-19205c5dae27/0014,0
ee2d1ee9-dd1d-4e63-9881-19205c5dae27/0015,0
ee2d1ee9-dd1d-4e63-9881-19205c5dae27/0016,0
ee2d1ee9-dd1d-4e63-9881-19205c5dae27/0017,0
ee2d1ee9-dd1d-4e63-9881-19205c5dae27/0018,0
ee2d1ee9-dd1d-4e63-9881-19205c5dae27/0019,0
ee2d1ee9-dd1d-4e63-9881-19205c5dae27/0020,0
ee2d1ee9-dd1d-4e63-9881-19205c5dae27/0021,0
ee2d1ee9-dd1d-4e63-9881-19205c5dae27/0022,0
ee2d1ee9-dd1d-4e63-9881-19205c5dae27/0023,0
ee2d1ee9-dd1d-4e63-9881-19205c5dae27/0024,0
ee2d1ee9-dd1d-4e63-9881-19205c5dae27/0025,0
ee2d1ee9-dd1d-4e63-9881-19205c5dae27/0026,0
ee2d1ee9-dd1d-4e63-9881-19205c5dae27/0027,0
ee2d1ee9-dd1d-4e63-9881-19205c5dae27/0028,0
ee2d1ee9-dd1d-4e63-9881-19205c5dae27/0029,0
ee2d1ee9-dd1d-4e63-9881-19205c5dae27/0030,0
ee2d1ee9-dd1d-4e63-9881-19205c5dae27/0031,0
ee2d1ee9-dd1d-4e63-9881-19205c5dae27/0032,0
ee2d1ee9-dd1d-4e63-9881-19205c5dae27/0033,0
ee2d1ee9-dd1d-4e63-9881-19205c5dae27/0034,0
ee2d1ee9-dd1d-4e63-9881-19205c5dae27/0035,0
ee2d1ee9-dd1d-4e63-9881-19205c5dae27/0036,0
ee2d1ee9-dd1d-4e63-9881-19205c5dae27/0037,0
ee2d1ee9-dd1d-4e63-9881-19205c5dae27/0038,0
ee2d1ee9-dd1d-4e63-9881-19205c5dae27/0039,0
ee2d1ee9-dd1d-4e63-9881-19205c5dae27/0040,0
ee2d1ee9-dd1d-4e63-9881-19205c5dae27/0041,0
ee2d1ee9-dd1d-4e63-9881-19205c5dae27/0042,0
ee2d1ee9-dd1d-4e63-9881-19205c5dae27/0043,0
ee2d1ee9-dd1d-4e63-9881-19205c5dae27/0044,0
ee2d1ee9-dd1d-4e63-9881-19205c5dae27/0045,0
ee2d1ee9-dd1d-4e63-9881-19205c5dae27/0046,0
ee2d1ee9-dd1d-4e63-9881-19205c5dae27/0047,0
ee2d1ee9-dd1d-4e63-9881-19205c5dae27/0048,0
ee2d1ee9-dd1d-4e63-9881-19205c5dae27/0049,0
ee2d1ee9-dd1d-4e63-9881-19205c5dae27/0050,0
ee2d1ee9-dd1d-4e63-9881-19205c5dae27/0051,0
ee2d1ee9-dd1d-4e63-9881-19205c5dae27/0052,0
ee2d1ee9-dd1d-4e63-9881-19205c5dae27/0053,0
ee2d1ee9-dd1d-4e63-9881-19205c5dae27/0054,0
ee2d1ee9-dd1d-4e63-9881-19205c5dae27/0055,0
ee2d1ee9-dd1d-4e63-9881-19205c5dae27/0056,0
ee2d1ee9-dd1d-4e63-9881-19205c5dae27/0057,0
ee2d1ee9-dd1d-4e63-9881-19205c5dae27/0058,0
ee2d1ee9-dd1d-4e63-9881-19205c5dae27/0059,0
ee2d1ee9-dd1d-4e63-9881-19205c5dae27/0060,0
ee2d1ee9-dd1d-4e63-9881-19205c5dae27/0061,0
ee2d1ee9-dd1d-4e63-9881-19205c5dae27/0062,0
ee2d1ee9-dd1d-4e63-9881-19205c5dae27/0063,0
ee2d1ee9-dd1d-4e63-9881-19205c5dae27/0064,0
ee2d1ee9-dd1d-4e63-9881-19205c5dae27/0065,0
ee2d1ee9-dd1d-4e63-9881-19205c5dae27/0066,0
ee2d1ee9-dd1d-4e63-9881-19205c5dae27/0067,0
ee2d1ee9-dd1d-4e63-9881-19205c5dae27/0068,0
ee2d1ee9-dd1d-4e63-9881-19205c5dae27/0069,0
ee2d1ee9-dd1d-4e63-9881-19205c5dae27/0070,0
ee2d1ee9-dd1d-4e63-9881-19205c5dae27/0071,0
ee2d1ee9-dd1d-4e63-9881-19205c5dae27/0072,0
ee2d1ee9-dd1d-4e63-9881-19205c5dae27/0073,0
ee2d1ee9-dd1d-4e63-9881-19205c5dae27/0074,0
ee2d1ee9-dd1d-4e63-9881-19205c5dae27/0075,0
ee2d1ee9-dd1d-4e63-9881-19205c5dae27/0076,0
ee2d1ee9-dd1d-4e63-9881-19205c5dae27/0077,0
ee2d1ee9-dd1d-4e63-9881-19205c5dae27/0078,0
f14dd492-2b02-43e0-8716-e03e090cbc64/0000,0
f14dd492-2b02-43e0-8716-e03e090cbc64/0001,0
f14dd492-2b02-43e0-8716-e03e090cbc64/0002,0
f14dd492-2b02-43e0-8716-e03e090cbc64/0003,0
f14dd492-2b02-43e0-8716-e03e090cbc64/0004,0
f14dd492-2b02-43e0-8716-e03e090cbc64/0005,0
f14dd492-2b02-43e0-8716-e03e090cbc64/0006,0
f14dd492-2b02-43e0-8716-e03e090cbc64/0007,0
f14dd492-2b02-43e0-8716-e03e090cbc64/0008,0
f14dd492-2b02-43e0-8716-e03e090cbc64/0009,0
f14dd492-2b02-43e0-8716-e03e090cbc64/0010,0
f14dd492-2b02-43e0-8716-e03e090cbc64/0011,0
f14dd492-2b02-43e0-8716-e03e090cbc64/0012,0
f14dd492-2b02-43e0-8716-e03e090cbc64/0013,0
f14dd492-2b02-43e0-8716-e03e090cbc64/0014,0
f14dd492-2b02-43e0-8716-e03e090cbc64/0015,0
f14dd492-2b02-43e0-8716-e03e090cbc64/0016,0
f14dd492-2b02-43e0-8716-e03e090cbc64/0017,0
f231aa86-53f9-4ddf-b163-0bb421b5c1b1/0000,0
f231aa86-53f9-4ddf-b163-0bb421b5c1b1/0001,0
f231aa86-53f9-4ddf-b163-0bb421b5c1b1/0002,0
f231aa86-53f9-4ddf-b163-0bb421b5c1b1/0003,0
f231aa86-53f9-4ddf-b163-0bb421b5c1b1/0004,0
f231aa86-53f9-4ddf-b163-0bb421b5c1b1/0005,0
f231aa86-53f9-4ddf-b163-0bb421b5c1b1/0006,0
f231aa86-53f9-4ddf-b163-0bb421b5c1b1/0007,0
f231aa86-53f9-4ddf-b163-0bb421b5c1b1/0008,0
f231aa86-53f9-4ddf-b163-0bb421b5c1b1/0009,0
f231aa86-53f9-4ddf-b163-0bb421b5c1b1/0010,0
f231aa86-53f9-4ddf-b163-0bb421b5c1b1/0011,0
f231aa86-53f9-4ddf-b163-0bb421b5c1b1/0012,0
f231aa86-53f9-4ddf-b163-0bb421b5c1b1/0013,0
f231aa86-53f9-4ddf-b163-0bb421b5c1b1/0014,0
f231aa86-53f9-4ddf-b163-0bb421b5c1b1/0015,0
f231aa86-53f9-4ddf-b163-0bb421b5c1b1/0016,0
f231aa86-53f9-4ddf-b163-0bb421b5c1b1/0017,0
f231aa86-53f9-4ddf-b163-0bb421b5c1b1/0018,0
f231aa86-53f9-4ddf-b163-0bb421b5c1b1/0019,0
f231aa86-53f9-4ddf-b163-0bb421b5c1b1/0020,0
f231aa86-53f9-4ddf-b163-0bb421b5c1b1/0021,0
f231aa86-53f9-4ddf-b163-0bb421b5c1b1/0022,0
f231aa86-53f9-4ddf-b163-0bb421b5c1b1/0023,0
f231aa86-53f9-4ddf-b163-0bb421b5c1b1/0024,0
f231aa86-53f9-4ddf-b163-0bb421b5c1b1/0025,0
f231aa86-53f9-4ddf-b163-0bb421b5c1b1/0026,0
f231aa86-53f9-4ddf-b163-0bb421b5c1b1/0027,0
f231aa86-53f9-4ddf-b163-0bb421b5c1b1/0028,0
f7641633-c393-4115-9278-0d9b4dbf391b/0000,0
f7641633-c393-4115-9278-0d9b4dbf391b/0001,0
f7641633-c393-4115-9278-0d9b4dbf391b/0002,0
f7641633-c393-4115-9278-0d9b4dbf391b/0003,0
f7641633-c393-4115-9278-0d9b4dbf391b/0004,0
f7641633-c393-4115-9278-0d9b4dbf391b/0005,0
f7641633-c393-4115-9278-0d9b4dbf391b/0006,0
f7641633-c393-4115-9278-0d9b4dbf391b/0007,0
f7641633-c393-4115-9278-0d9b4dbf391b/0008,0
f7641633-c393-4115-9278-0d9b4dbf391b/0009,0
f7641633-c393-4115-9278-0d9b4dbf391b/0010,0
f7641633-c393-4115-9278-0d9b4dbf391b/0011,0
f7641633-c393-4115-9278-0d9b4dbf391b/0012,0
f7641633-c393-4115-9278-0d9b4dbf391b/0013,0
f7641633-c393-4115-9278-0d9b4dbf391b/0014,0
f7641633-c393-4115-9278-0d9b4dbf391b/0015,0
f7641633-c393-4115-9278-0d9b4dbf391b/0016,0
f7641633-c393-4115-9278-0d9b4dbf391b/0017,0
f7641633-c393-4115-9278-0d9b4dbf391b/0018,0
f7641633-c393-4115-9278-0d9b4dbf391b/0019,0
f7641633-c393-4115-9278-0d9b4dbf391b/0020,0
f7641633-c393-4115-9278-0d9b4dbf391b/0021,0
f7641633-c393-4115-9278-0d9b4dbf391b/0022,0
f7641633-c393-4115-9278-0d9b4dbf391b/0023,0
f7641633-c393-4115-9278-0d9b4dbf391b/0024,0
f7641633-c393-4115-9278-0d9b4dbf391b/0025,0
f7641633-c393-4115-9278-0d9b4dbf391b/0026,0
f7641633-c393-4115-9278-0d9b4dbf391b/0027,0
f7641633-c393-4115-9278-0d9b4dbf391b/0028,0
f7641633-c393-4115-9278-0d9b4dbf391b/0029,0
f7641633-c393-4115-9278-0d9b4dbf391b/0030,0
f7641633-c393-4115-9278-0d9b4dbf391b/0031,0
f7641633-c393-4115-9278-0d9b4dbf391b/0032,0
f7641633-c393-4115-9278-0d9b4dbf391b/0033,0
f7641633-c393-4115-9278-0d9b4dbf391b/0034,0
f7641633-c393-4115-9278-0d9b4dbf391b/0035,0
f7641633-c393-4115-9278-0d9b4dbf391b/0036,0
f7641633-c393-4115-9278-0d9b4dbf391b/0037,0
f7641633-c393-4115-9278-0d9b4dbf391b/0038,0
f7641633-c393-4115-9278-0d9b4dbf391b/0039,0
f7641633-c393-4115-9278-0d9b4dbf391b/0040,0
f7641633-c393-4115-9278-0d9b4dbf391b/0041,0
f7641633-c393-4115-9278-0d9b4dbf391b/0042,0
f7641633-c393-4115-9278-0d9b4dbf391b/0043,0
f7641633-c393-4115-9278-0d9b4dbf391b/0044,0
f7641633-c393-4115-9278-0d9b4dbf391b/0045,0
f7641633-c393-4115-9278-0d9b4dbf391b/0046,0
f7641633-c393-4115-9278-0d9b4dbf391b/0047,0
f8b71ebf-da9e-408f-a080-6a972365160b/0000,0
f8b71ebf-da9e-408f-a080-6a972365160b/0001,0
f8b71ebf-da9e-408f-a080-6a972365160b/0002,0
f8b71ebf-da9e-408f-a080-6a972365160b/0003,0
f8b71ebf-da9e-408f-a080-6a972365160b/0004,0
f8b71ebf-da9e-408f-a080-6a972365160b/0005,0
f8b71ebf-da9e-408f-a080-6a972365160b/0006,0
f8b71ebf-da9e-408f-a080-6a972365160b/0007,0
f8b71ebf-da9e-408f-a080-6a972365160b/0008,0
f8b71ebf-da9e-408f-a080-6a972365160b/0009,0
f8b71ebf-da9e-408f-a080-6a972365160b/0010,0
f8b71ebf-da9e-408f-a080-6a972365160b/0011,0
f8b71ebf-da9e-408f-a080-6a972365160b/0012,0
f8b71ebf-da9e-408f-a080-6a972365160b/0013,0
f8b71ebf-da9e-408f-a080-6a972365160b/0014,0
f8b71ebf-da9e-408f-a080-6a972365160b/0015,0
f8b71ebf-da9e-408f-a080-6a972365160b/0016,0
f8b71ebf-da9e-408f-a080-6a972365160b/0017,0
f8b71ebf-da9e-408f-a080-6a972365160b/0018,0
f8b71ebf-da9e-408f-a080-6a972365160b/0019,0
f8b71ebf-da9e-408f-a080-6a972365160b/0020,0
f8b71ebf-da9e-408f-a080-6a972365160b/0021,0
f8b71ebf-da9e-408f-a080-6a972365160b/0022,0
f8b71ebf-da9e-408f-a080-6a972365160b/0023,0
f8b71ebf-da9e-408f-a080-6a972365160b/0024,0
f8b71ebf-da9e-408f-a080-6a972365160b/0025,0
f8b71ebf-da9e-408f-a080-6a972365160b/0026,0
f8b71ebf-da9e-408f-a080-6a972365160b/0027,0
f8b71ebf-da9e-408f-a080-6a972365160b/0028,0
f8b71ebf-da9e-408f-a080-6a972365160b/0029,0
f8b71ebf-da9e-408f-a080-6a972365160b/0030,0
f8b71ebf-da9e-408f-a080-6a972365160b/0031,0
f8b71ebf-da9e-408f-a080-6a972365160b/0032,0
f8b71ebf-da9e-408f-a080-6a972365160b/0033,0
f8b71ebf-da9e-408f-a080-6a972365160b/0034,0
f8b71ebf-da9e-408f-a080-6a972365160b/0035,0
f8b71ebf-da9e-408f-a080-6a972365160b/0036,0
f8b71ebf-da9e-408f-a080-6a972365160b/0037,0
f8b71ebf-da9e-408f-a080-6a972365160b/0038,0
f8b71ebf-da9e-408f-a080-6a972365160b/0039,0
f8b71ebf-da9e-408f-a080-6a972365160b/0040,0
f8b71ebf-da9e-408f-a080-6a972365160b/0041,0
f8e9737c-639e-433f-8f28-2d7660d63181/0000,0
f8e9737c-639e-433f-8f28-2d7660d63181/0001,0
f8e9737c-639e-433f-8f28-2d7660d63181/0002,0
f8e9737c-639e-433f-8f28-2d7660d63181/0003,0
f8e9737c-639e-433f-8f28-2d7660d63181/0004,0
f8e9737c-639e-433f-8f28-2d7660d63181/0005,0
f8e9737c-639e-433f-8f28-2d7660d63181/0006,0
f8e9737c-639e-433f-8f28-2d7660d63181/0007,0
f8e9737c-639e-433f-8f28-2d7660d63181/0008,0
f8e9737c-639e-433f-8f28-2d7660d63181/0009,0
f8e9737c-639e-433f-8f28-2d7660d63181/0010,0
f8e9737c-639e-433f-8f28-2d7660d63181/0011,0
f8e9737c-639e-433f-8f28-2d7660d63181/0012,0
f8e9737c-639e-433f-8f28-2d7660d63181/0013,0
f8e9737c-639e-433f-8f28-2d7660d63181/0014,0
f8e9737c-639e-433f-8f28-2d7660d63181/0015,0
f8e9737c-639e-433f-8f28-2d7660d63181/0016,0
f8e9737c-639e-433f-8f28-2d7660d63181/0017,0
f8e9737c-639e-433f-8f28-2d7660d63181/0018,0
f8e9737c-639e-433f-8f28-2d7660d63181/0019,0
f8e9737c-639e-433f-8f28-2d7660d63181/0020,0
f8e9737c-639e-433f-8f28-2d7660d63181/0021,0
f8e9737c-639e-433f-8f28-2d7660d63181/0022,0
f8e9737c-639e-433f-8f28-2d7660d63181/0023,0
f8e9737c-639e-433f-8f28-2d7660d63181/0024,0
f8e9737c-639e-433f-8f28-2d7660d63181/0025,0
f8e9737c-639e-433f-8f28-2d7660d63181/0026,0
f8e9737c-639e-433f-8f28-2d7660d63181/0027,0
f8e9737c-639e-433f-8f28-2d7660d63181/0028,0
f8e9737c-639e-433f-8f28-2d7660d63181/0029,0
f8e9737c-639e-433f-8f28-2d7660d63181/0030,0
f8e9737c-639e-433f-8f28-2d7660d63181/0031,0
f8e9737c-639e-433f-8f28-2d7660d63181/0032,0
f8e9737c-639e-433f-8f28-2d7660d63181/0033,0
f8e9737c-639e-433f-8f28-2d7660d63181/0034,0
f8e9737c-639e-433f-8f28-2d7660d63181/0035,0
f8e9737c-639e-433f-8f28-2d7660d63181/0036,0
f8e9737c-639e-433f-8f28-2d7660d63181/0037,0
f8e9737c-639e-433f-8f28-2d7660d63181/0038,0
f8e9737c-639e-433f-8f28-2d7660d63181/0039,0
f8e9737c-639e-433f-8f28-2d7660d63181/0040,0
f8e9737c-639e-433f-8f28-2d7660d63181/0041,0
f8e9737c-639e-433f-8f28-2d7660d63181/0042,0
f8e9737c-639e-433f-8f28-2d7660d63181/0043,0
f8e9737c-639e-433f-8f28-2d7660d63181/0044,0
f8e9737c-639e-433f-8f28-2d7660d63181/0045,0
f8e9737c-639e-433f-8f28-2d7660d63181/0046,0
f8e9737c-639e-433f-8f28-2d7660d63181/0047,0
f8e9737c-639e-433f-8f28-2d7660d63181/0048,0
f8e9737c-639e-433f-8f28-2d7660d63181/0049,0
f8e9737c-639e-433f-8f28-2d7660d63181/0050,0
f8e9737c-639e-433f-8f28-2d7660d63181/0051,0
fdf23cc5-6850-4507-996e-3e75cec90b5f/0000,0
fdf23cc5-6850-4507-996e-3e75cec90b5f/0001,0
fdf23cc5-6850-4507-996e-3e75cec90b5f/0002,0
fdf23cc5-6850-4507-996e-3e75cec90b5f/0003,0
fdf23cc5-6850-4507-996e-3e75cec90b5f/0004,0
fdf23cc5-6850-4507-996e-3e75cec90b5f/0005,0
fdf23cc5-6850-4507-996e-3e75cec90b5f/0006,0
fdf23cc5-6850-4507-996e-3e75cec90b5f/0007,0
fdf23cc5-6850-4507-996e-3e75cec90b5f/0008,0
fdf23cc5-6850-4507-996e-3e75cec90b5f/0009,0
fdf23cc5-6850-4507-996e-3e75cec90b5f/0010,0
fdf23cc5-6850-4507-996e-3e75cec90b5f/0011,0
fdf23cc5-6850-4507-996e-3e75cec90b5f/0012,0
fdf23cc5-6850-4507-996e-3e75cec90b5f/0013,0
fdf23cc5-6850-4507-996e-3e75cec90b5f/0014,0
fdf23cc5-6850-4507-996e-3e75cec90b5f/0015,0
fdf23cc5-6850-4507-996e-3e75cec90b5f/0016,0
fdf23cc5-6850-4507-996e-3e75cec90b5f/0017,0
fdf23cc5-6850-4507-996e-3e75cec90b5f/0018,0
fdf23cc5-6850-4507-996e-3e75cec90b5f/0019,0
fdf23cc5-6850-4507-996e-3e75cec90b5f/0020,0
fdf23cc5-6850-4507-996e-3e75cec90b5f/0021,0
fdf23cc5-6850-4507-996e-3e75cec90b5f/0022,0
fdf23cc5-6850-4507-996e-3e75cec90b5f/0023,0
fdf23cc5-6850-4507-996e-3e75cec90b5f/0024,0
fdf23cc5-6850-4507-996e-3e75cec90b5f/0025,0
fdf23cc5-6850-4507-996e-3e75cec90b5f/0026,0
fdf23cc5-6850-4507-996e-3e75cec90b5f/0027,0
fdf23cc5-6850-4507-996e-3e75cec90b5f/0028,0
fdf23cc5-6850-4507-996e-3e75cec90b5f/0029,0
fdf23cc5-6850-4507-996e-3e75cec90b5f/0030,0
fdf23cc5-6850-4507-996e-3e75cec90b5f/0031,0
fdf23cc5-6850-4507-996e-3e75cec90b5f/0032,0
fdf23cc5-6850-4507-996e-3e75cec90b5f/0033,0
fdf23cc5-6850-4507-996e-3e75cec90b5f/0034,0
fdf23cc5-6850-4507-996e-3e75cec90b5f/0035,0
fdf23cc5-6850-4507-996e-3e75cec90b5f/0036,0
fdf23cc5-6850-4507-996e-3e75cec90b5f/0037,0
fdf23cc5-6850-4507-996e-3e75cec90b5f/0038,0
fdf23cc5-6850-4507-996e-3e75cec90b5f/0039,0
fdf23cc5-6850-4507-996e-3e75cec90b5f/0040,0
fdf23cc5-6850-4507-996e-3e75cec90b5f/0041,0
fdf23cc5-6850-4507-996e-3e75cec90b5f/0042,0
fdf23cc5-6850-4507-996e-3e75cec90b5f/0043,0
